tweet_id,customer_text,gold_intent
1172681,@115821 please quit using @118706 for Sunday delivery. 1st. My package delayed for weather. It’s 80 here. 2nd. Can’t gain access to Door,delivery_delay
1047279,"i preordered Singstar, Sony say it's delayed but amazon still have it as coming Wednesday, make ur minds up",delivery_delay
1037291,@115850 refund our money order no 405-0964730-6462756 @123288,refund_request
1002563,Few days back i was confident that amazon was best.. but recent experience has changed everything.. @115850 has degraded its service,other_unclear
1117079,@115850 @115850 You have promised to deliver replacement product till 16th. Stick to your words. Your frustrated customer is waiting for his order,delivery_delay
1159356,@AmazonHelp Still haven't received my refund.,refund_request
1085133,@AmazonHelp I did. There's no email from @115821 how to unlock my account. It's been days.,account_access
1151845,@AmazonHelp need help getting a refund on Amazon Seller charge. Please advise,refund_request
1122280,@115850  No response since it has been around 10 days I have given the Charge Dispute reference no. to your team. Since 3 Months no refund,refund_request
1001079,"@115850 where is obsens in my review ,why you not face reality. Look all how Amazon ignore reality.i am sharing some ss ,look all",other_unclear
1003717,@AmazonHelp Still the same issue can you fix it asap before the offer ends,other_unclear
1005048,"@AmazonHelp It's ok, I think I'll leave it. Im just glad I made it back when I did 😩only bad experience I've had. Is there a way to set a safe place on-",other_unclear
684778,"@AmazonHelp Sorry I can I log in, will reach out shortly",account_access
1043714,"@AmazonHelp Your csr is saying that it is very kind of amazon that you are being delivered your product otherwise, you can take refund.",refund_request
1003725,@AmazonHelp @115850 still waiting for the solutions...,other_unclear
1141495,@115821 I bought a two pieces of t shirt by debit card sbi but you can't refund me offers 10 percent.,refund_request
1102278,"Finally bought the Amazon Prime membership just to watch @12154's Laakhon Me Ek series. Too good. 

@119625 @117795",prime_membership
1724911,@AmazonHelp This is what I’m talking about. Second package this week delayed. And missing the delivery window.,delivery_delay
1005114,@AmazonHelp Not interested in your apologies at all   Time to take some serious action 😡,other_unclear
1004445,Ordered my @152044 #Honey on Vinyl from @115821 but got #BingCrosbyChristmas instead :’( got my MERRY CHRISTMAS II YOU vinyl tho!,other_unclear
1051929,"@AmazonHelp Order 
202-0668226-2705165 is now over 10 days late for delivery. Please can you cancel and refund item. Many thanks.",cancellation_request
1051934,@AmazonHelp thanks for your help! I've been offered a refund :) I won't be using sellers who post via @244842 again though!,refund_request
1109482,@AmazonHelp already taken 4 time customer support from you. No one able to help finally they come to refund which i want. if u can't then don't sealing,refund_request
1136582,@AmazonHelp The guy came to pick up and said he cant bcoz the screen is damaged.,damaged_item
1122847,@115850 @115821 I have received the ORDER # 402-9389284-8265946 but it shows undelivered. Spare the refund as I have already received it.,refund_request
2176458,@AmazonHelp Sent. hope you respond by today and as said and 100% assured by ur team waiting for product delivery TODAY. Very much disappointed!,delivery_delay
1082228,"@AmazonHelp Thanks, have filled in a contact form. Is there any way to freeze the account in the meantime? I have the 'rogue' address.",technical_support
1098667,@AmazonHelp I reported but got the same response. It's in process. Even after 13 days after pickup refund has not been done,refund_request
1004642,@115830 this is a lot of packaging for a small item!,other_unclear
1147883,"@115850 @AmazonHelp 
worst service..my product to be deliver before diwali but still not deliver, expected date already over.",delivery_delay
1117989,@AmazonHelp I'm going to have to cancel it.,cancellation_request
1148373,@AmazonHelp It hasn't arrived it's passed 8,delivery_delay
1175629,"@AmazonHelp Asked for confirmation of a refund and all I got was ""my colleague will be in touch with you"". Not the response I need or want.",refund_request
1000154,@AmazonHelp Is your company bound to destroy people's diwali celebration? You can't deliver a package ever after 5 days of expected delivery,delivery_delay
1033083,"@AmazonHelp Sorry to say I've been let down again. Spent all of my only day off waiting for this. Should have been delivered Thursday. 
Not good enough",missing_delivered
1038504,forgot to cancel my free trial of amazon prime and it just charged me $100 ummm fuck,cancellation_request
1003583,@115821 I bought some chargers under the assumption they will arrive in two days not Monday???,other_unclear
102904,Day 3# Day light Robbery by Amazon #Delivered Fake Bose Speakers #Not interested in replacing to orginal product #@115851 Solve my problem @AmazonHelp can't solve.They don't have power. @118342 @119341,missing_delivered
1054779,@115850 order 406-5346056-8286767 I want a refund for the product.,refund_request
1002878,"@AmazonHelp Prime item ordered thurs “attempted delivery” fri but they didn’t as I was there 7am - 6pm, promised delivery yesterday and never happened",other_unclear
1019610,@AmazonHelp The last tracking scan was a departure scan at 1:56PM on the 12th. It hasn't been updated since.,delivery_delay
1002574,@357316 @115850 Doesn’t show that on their app. Just says out for delivery!,other_unclear
1031096,@AmazonHelp What's to escalate? I wait or cancel order? Any way to flag our account to never use AMZL? Driver's rude to building security or like about delivery attempts. No issues with @115817 cuz they are professional.,cancellation_request
105050,@AmazonHelp cheers for the damaged Pukka pads and an insult in response. Absolutely fab.,damaged_item
1057325,"@115821 why are you refusing to replace the tv I paid for when you delivered it broken? Absolutely terrible and greedy service, poor exp",damaged_item
1131322,"@115850 ordered diapers on 18 Oct, Amazon prime menber, delivery delayed to 1 Nov? Y this delay? PATHETIC SERVICE ! HORRIBLE.",delivery_delay
1104618,Uhhhhh @117634 I accidentally hit buy with one click for a kindle book and y’all won’t let me refund it.,refund_request
1000198,"@AmazonHelp Nothing else other than it was delayed to Oct 20-24, but I had to look that up in my orders since I didn’t receive it on the 20 th",delivery_delay
1130569,@115821 every month my card gets charged for purchases I don’t use!!! Getting ready to cancel my amazon prime! 😡,cancellation_request
1041826,"@AmazonHelp Wait! That’s freaky… It worked literally when you tweeted… Must just have needed the same password 30 times! All sorted now, I think!",account_access
1043221,"@AmazonHelp 1st i didn't get my no cost emi
Next i didn't get the product delivered on time even after paying prime cost
3rd the divice is not working",missing_delivered
1016794,@AmazonHelp Still refund amt is not credited 😐 #AmazonGreatIndianFestival,refund_request
1118592,"@AmazonHelp Thank god I didnt pay for this in Advance, you would've looted me and given me dates and dates to refund!",refund_request
1004568,"@2600 Bonjour, j'ai un gros problème là avec ma commande d'amazon coins et de la réduction black friday. Serais-ce possible d'en discuter en MP ?",other_unclear
1125178,"Okay so @115821 have the absolute right to block your account for no reason but when you want to close the account they ask you to LOGIN to your account...
HOW ? HOW AMAZON ? I can not login !",account_access
1128083,"@AmazonHelp Hi, so I sent it back with parcelforce. It got delivered 10am today (26th October) how long does it take for a refund to process?",refund_request
114347,@AmazonHelp It states I'm not a member but my bank is showing a pending payment to you dated from the 20th. Stating Amazon prime membership fee ....,prime_membership
1069897,"@AmazonHelp Each of my last 7 Prime order have been delayed by at least 2 additional days, and any compensation I've been offered has been revoked.",delivery_delay
1049143,@AmazonHelp can i get a refund for my purchase of #cuphead via @115821? i got scammed and there's nothing i can do about it... smh...,refund_request
1073354,@AmazonHelp He offered to cancel the order. That solves everything right?you cant find item and cancel,cancellation_request
1159275,@115821 so I had amazon student in 2011 and now it’s 2017 and I’m barely getting charged for a student account. Also I have a regular prime account? How does that work? Where’s my emailed receipt?,prime_membership
103002,@115830 I used the online chat function on the website in the end. The lady who I chatted with (Joslin) was very helpful and has hopefully resolved the issue so everything comes tomorrow. Really happy with the customer services offered once I found it! 👍,technical_support
1138370,"I don't vent much, but wow, @115821 delivery is terrible. For the 2nd time in 3 months, my ""delivered"" package was not received. Unreal.",missing_delivered
1023617,@362226 @AmazonHelp Amazon delivery tracking is the biggest joke. No excuse for not using real time tracking and giving an accurate delivery window. Proper couriers manage it and have done for quite a while!,delivery_delay
1058810,@AmazonHelp Again received worthless product.. irritating.. never choose again...money n time waste... refund done.. Thanks 😣😣😣😣😣😣😣😣😣😣😣😣😣😣😣,refund_request
1022555,@AmazonHelp In both instances I was near the locker location when it was actually delivered; no where near it when I checked the package progress.,delivery_delay
1016400,"@AmazonHelp Yes, you have. I've been indoors all day waiting for my order that @116324  / @115830 clearly had no intention of delivering.",delivery_delay
1108247,"WTF @115821 your delivery service sucks. 2-day delivery was supposed to be here today. Last tracking update was 11/4.
Where’s my stuff?",delivery_delay
1107264,@AmazonHelp I've never had issues in the 8 years I've been a prime member and this year I've had multiple delayed orders.,delivery_delay
1127355,@AmazonHelp Me acaban de notificar un refund. Lo que necesito son las baterias para el equipo de mi madre enferma. ¿Que pasó? Que responda @UPSHelp,refund_request
1011662,Another @127161 delivery that has arrived badly damaged. No choice but to return them. #notimpressed cc: @AmazonHelp,damaged_item
1000127,@43895 watching Loveless on Amazon prime cuz of your VIFF review &amp; the subtitles are weird &amp; some of it is censored? @116618 ???,other_unclear
1161710,@115850 @AmazonHelp @119351  amazon-y r u nt giving my refund??more than month.pathetic service##dontshopamazon##boycott,refund_request
1119336,@118919 poor service and i complaint regarding my 10.or g display damaged in 6 days  they not given replace product they block my no.,damaged_item
1043207,@115851 One of the most pathetic customer service offered by your firm. @115850 ORDER # 403-7127496-8848312 found defective.,damaged_item
1037602,"@AmazonHelp Yes, I did not receive the item, which I NEEDED Monday, btw. How do I get a refund for item not delivered?",refund_request
105018,@AmazonHelp if an item is damaged and I want to return it who pays the postage to return it. The buyer or seller,damaged_item
101743,@AmazonHelp I bought an item last week and now it’s selling half price. I want to return and reorder or do you just want to refund me the difference?!,refund_request
1037616,"@115850 Prod not received yet, ORDER # 408-2943187-7385924 bt prod details shows 'Delivered on 21.10.17'. Look into the matter plz",missing_delivered
1012311,@AmazonHelp it says refund issued on 14th Oct but I haven't received it yet,refund_request
1108340,"@AmazonHelp hell of an experience shopping at amazon,u guys are either masters in stupidity or making same out of customers,missing deadlines one after another,waiting for my refund from last 5 days. #Ridiculous #beggers",refund_request
1118026,"@AmazonHelp @3375 @3375 just now delivered. 1) was supposedly rescheduled,  2) No knock/ring, 3) it's midnight not 8p, 4) #PackageThieves ¯\_(ツ)_/¯",missing_delivered
1002651,"@115850 missed the counting... 
#shopwalafeeling #AmazonGreatIndianFestival #onlineshopping",other_unclear
11046,@AmazonHelp at 7 it said it was out for delivery by 8 pm. It now says sorry for your package being late and will arrive by November 3rd,delivery_delay
1004393,@115850 customer service and refund procedure sucks. Wasted 1.5hrs and 45mins of my life and yet did not get any solution. Horrendous.,refund_request
1075373,@AmazonHelp Bluedart's website says that shipment has already arrived at Ghaziabad Hub on 19th Oct.Give my refund asap!!This is unacceptable @115851,refund_request
1120435,"Hi @117634 I just purchased the Fire HD 8"" and all good so far except the @15778 app gives an Unable to download error. Can you help?",technical_support
1046064,"@115850 Order # 402-5479722-9566747, wrong item received, no refund required, need my product at earliest,,",refund_request
1147796,@115850 I had ordered cricket gloves two days ago and then i received a mail saying i had requested a cancellation even though i did not. I had already paid for the order online. Please help me with this problem.,cancellation_request
1039535,"Ugh. I just realized, I forgot to cancel my free trial of @115821 Prime so now, $79 later, I’ve got that for a year. 😒",cancellation_request
1152570,@AmazonHelp Was promised a refund on webchat and now you've rescinded on it. Only option is now a MasterCard dispute if you are unwilling to fix this.,refund_request
1034259,@AmazonHelp Yes! I have two smart TVs with my Amazon Prime Account set up on them and I haven’t been able to watch the show in a few months!,prime_membership
1101018,Lol all 4 of my @115821 orders say that they’ve been delivered but they’re not at my apartment or in my mailbox??,missing_delivered
1001075,"@AmazonHelp Thank you, I have done so.",other_unclear
105165,@115830 appalling customer service. Appalling delivery system. Two items apparently delivered but NOT. Why are there no supervisors or managers available? Prime membership seems to mean nothing to @115830,prime_membership
1061368,@AmazonHelp What's the result till now except refund?,refund_request
1108239,@138673 @115850 Customers i strongly suggest dont by this product or any electronic item from amazon.i received a nokia 6 on 6th Nov defective. Now struggling for return since last 5 hrs over call and chat.. customer support and mobile team do not have any co-ordination.,damaged_item
1005039,Ordered something on @115821 for $13 (sale price)and they didn’t honor the price they listed. This guy is mad😡 @120330 @134046 @136083,other_unclear
1010388,"@AmazonHelp delayed by one day, delivered at wrong address, no coordination of ATL &amp; call center, no use of Amazon Prime",delivery_delay
1085338,@AmazonHelp Could you send me a link listing all prime benefits ?,prime_membership
1025568,"@AmazonHelp I've cancelled the membership, will the money go back into my account?",refund_request
1000197,"@AmazonHelp Also, I saw that the package location wasn’t updating and the last/only thing posted was “package has left seller facility”",other_unclear
1000980,"@AmazonHelp @356980 Hii amazon, i got a call from ur side n unfortunately missed it.. can u plss call back n let me know what was it call about...",other_unclear
1077774,"Amazon, honey, I do not pay for prime so that AMZL can mark things as delivered, not deliver, and then mysteriously drop them off 2wks later.",missing_delivered
1143545,@AmazonHelp I don't believe its a device or account  issue. Happy to be proven wrong.  Amazon can surely check the subtitle files against video content,technical_support
1002555,@115850 i ordered a product&amp; was to get 15% cashback on it within 72 hrs. But already 5 days hv passed didn't received a single penny,other_unclear
1005125,#AmazonUnlimited is annoying. So many classic songs are do-overs by artists who changed labels and redid their own hits. Sucks. @AmazonHelp,other_unclear
1050430,"Come on, Amazon - 50 percent of the CDs I’ve ordered this month come with broken/cracked cases. There must be a smarter way to ship than bubble wrap envelopes that don’t protect them. @AmazonHelp @115851 #amazon",damaged_item
1108256,"@115850 care to explain when can I expect the delivery. I am following since yesterday and was told by mistake it is showing delivered &amp; will be delivered before cob 8th. Is not cob over today? 
#pathetic #service #Amazon",missing_delivered
1001964,"@AmazonHelp Bummer, would be a great feature for Amazon Fresh",other_unclear
1132129,@AmazonHelp someone used my email to open an account. Called CS months ago &amp; was told it would be resolved. It hasnt. What can be done here?,account_access
1145030,@AmazonHelp She said the delivery people had try when that a lode of poo as I been in all day waiting for this stupid delivery  but no one has turn up,delivery_delay
105070,"@AmazonHelp Get home from work and see Amazon delivery driver outside my block. Excitedly approach him asking if he’s got anything for me, after 10 minutes of checking in the van, no 😒😂 Not sure what else I was expecting tbf. Will I ever get my package?",missing_delivered
1047968,@AmazonHelp Is there anyway to get it here sooner? Cancel that shipment and re ship the order overnight.,cancellation_request
1001973,WOW 3rd package lost by @115821 this month. Bravo 👏🏻 thanks for nothing 👏🏻👏🏻👏🏻👏🏻,other_unclear
1043610,@118919#AmazonNews_IN it shwing estimate date is 4oct and now 22oct its over 1 mnth to this order but still i dnt get prdct or refund,refund_request
1082344,@AmazonHelp money back and a proper investigation! Royal waste of my time and a pathetic Diwali thanks to you guys! Only frowns delivered!😡,refund_request
1004365,@AmazonHelp Now can you explain me what was your product delivery date?? according to u yr delivery date is 21st October 2017.,other_unclear
1052132,@115821 I been waiting for my package for damn near 2 weeks y'all got me fucked up,delivery_delay
1077745,Payed for same day shipping at 7am this morning &amp; my order is supposed to be here within the next 22minutes 🤔 @115821 I want a refund if it’s not here,refund_request
1121798,@AmazonHelp I don't have an email address linked to my account please provide another link,account_access
1065667,"@115850 - I made a Purchase payment declined, but the money deducted from my account. I Cancel the order when I get the amount return.?",cancellation_request
1146504,@AmazonHelp not received correspondence email which you are talking about.can't you help from my order number which is given in shared pic,missing_delivered
1081453,@AmazonHelp Hasn't arrived and it's 9:10pm,delivery_delay
1001110,@AmazonHelp Yes that worked! TY,other_unclear
1107930,@115830 on my tracking it says my package was delivered yesterday and signed by me. I haven’t received it though?!?!,missing_delivered
1065686,"Very, VERY disappointed, @116090. This is not the first time a book has been sent to me in an envelope and was damaged. Books need boxes!",damaged_item
490586,@AmazonHelp Well done Amazon. Package delivered to a porch we do not have. 24 hours to investigate. Seriously the shittiest customer service going. Should be proud. Multinational company cannot devlier a package,missing_delivered
1053459,"@AmazonHelp Happy to DM my account email address, and you can look at the 3 live chat complaints raised this week, advising from there?",account_access
1010798,"@AmazonHelp Yes, claim opened!  @118706 rep said they don't deliver pass the 2nd flr. Wasted my time waiting 4 delivery fr  @123967. Dont use them!!!",delivery_delay
103077,@AmazonHelp Amazon Prime delivery failure! I ordered a vacuum cleaner. It was promised for today by 8pm.  Waited all day!Confirmation emails &amp; tracking say out for delivery. At 5:30 I got this email. I’m not happy!😡 Pitiful service!,delivery_delay
1165690,@115821 #worstservice orders of prime members don't get delivered being more than 10days status shows delivered but product not received &amp; customer service keeps delaying #Amazon its not they way you treat prime members,missing_delivered
1003670,@115850 great customer service.refund ki koi jhinjhat nehin..bas ek e-mail hi kafi hai.👍,refund_request
1134965,"@AmazonHelp I've had an email, I want to know why it keeps being delayed? What is the reason? Am I ever going to get it? It's for a gift!",delivery_delay
1066736,"@115850 @127187 @AmazonHelp cust service told dat it can't b replcd nymore, only refund can be initiated. I'm in need, bt now I 2/3",refund_request
1021610,@AmazonHelp You need to wrap soft cover books to cover and pages don't get damage!!! Using bubble strip does not cut it. 1of3 damaged.,damaged_item
1034761,"@115850 @115823 Sweated myself!
Burnt diesel!
Got the damn thing returned to courier through my car!
Asked for refund!
Waited for refund!",refund_request
1066727,"@AmazonHelp @115850
Received this super packaged product. Waiting for justification!
Order: 404-0129973-6221120",delivery_delay
1010415,"@AmazonHelp I didn’t ask for it to be returned, just clicked refund since never showed",refund_request
1110246,@152044 only sad thing is that the plastic cover is broken on the sides :\ @AmazonHelp @115821,damaged_item
1028995,"@AmazonHelp it's not the bank, because the day after I talked to Amazon about the charges they disappeared. but then today I got charged again.",refund_request
1127981,"@115850 i ordered bean bag on 7th OCT still not received.
order no : 402-8267992-7563519
it's more than 18 day
worst customer support",missing_delivered
1035535,@117795 terrible service!! So disappointing Order was never delivered.Driver was rude.Finally got some assistance from nice CSR,missing_delivered
1118004,@115850 @115851 Replacement not provided for Defective piece delivery. I'm in no way going to suffer the loss of appr. Rs. 2270 for fresh order.,damaged_item
1011672,"@AmazonHelp It sends me here and I get this message. It is definitely my account email, have been using it for years. Phone # doesn’t work either",account_access
1039179,@AmazonHelp my order status is delivered but i did not receive my package. I checked my mailbox its not in there. What do i do,missing_delivered
1001092,@AmazonHelp You have not sent any correspondence today . Now kindly stop harassing,other_unclear
1122802,"@115850 @120543  Where is my parcel (Tracking ID: AW236399086IN). Delivery date passed, can't track after 19OCT. Poor service.",delivery_delay
1021039,"Hey @AmazonHelp, I've sat in my living room all day today waiting for a delivery, the status has been changed to failed to deliver, despite",delivery_delay
1117075,@115850 got a message saying Order# 171-8853927-6607529 delayed due to additional address requirement.Wondering what exactly is the issue,delivery_delay
1086764,@AmazonHelp Still not been delivered?! Is this how you expect your products to arrive? Had all-day yet it's now 20:56 and still no item 😲😑,delivery_delay
1168472,@116090 any log in issues right now??,account_access
1354465,@AmazonHelp so that customer doesn't get restless on not receiving refund within time. 🙂,refund_request
1120406,Thanks @AmazonHelp for replacing my broken charger and fixing the issue in 5 mins! Y'all are the best!,damaged_item
1069900,"@AmazonHelp I got offered extensions to Prime membership, vouchers for Prime movies etc. and none of them were ever followed through. I've had nothing.",prime_membership
1055245,"@AmazonHelp I cancelled but no refund was offered as my previous whinge was ignored. It's a pretty skanky way to get new customers, don't you think?",refund_request
1129293,"@AmazonHelp Contacted support. Was told that I need to call AmznLogistics. Asked for refund so I can purchase elsewhere. Yes, CONSTANT probs w/ carrier",refund_request
1168748,@AmazonHelp What if I don’t want it now? I only ordered it for convenience of next day delivery but now it hasn’t arrived it’s far less convenient than just going to a shop and getting it for myself..,delivery_delay
1000985,"dear sir, order id:404-4313025-2413959 in India not solved refund issue since four months by amazon India,please......@48241,@30724",refund_request
1089787,@115850 not refund money even after one month saying I returned wrong item even I gave correct product need help @49329 @377108,refund_request
105241,The @115821 delivery guy didn't even open my front gate. Just tossed my new keyboard on the concrete. If this thing is damaged... Even @118706 doesn't do stuff like that.,damaged_item
1005123,"@357899 @AmazonHelp I still don't understand that fact that I already pay for prime, but they want me to pay again for unlimited... Screw that noise...",other_unclear
1028201,it’s annoying when i get 2 day shipping from @115821 and it’s been 4 days and i haven’t got my package and can’t track it.....🙄,missing_delivered
108276,Hi @AmazonHelp my account in my name but prime been charged with my brother's card. This is totally unnecessary. We've different names. Please give me your email.,account_access
1001033,@AmazonHelp Thanks. Think I’ll just chance it. Frustrating as the route must be sorted so someone somewhere knows when it will arrive approx just not me,other_unclear
1002202,@115850 @AmazonHelp #Amazon #AmazonGreatIndianFestival then a call saying it has been misplaced...(4/6),other_unclear
1072554,"@115850 ..I bought prime membership yesterday, it's not showing in my account..email I'd : __email__",prime_membership
1085097,@AmazonHelp @AmazonHelp @115850 now you're asking me for password for my account statement over mail. I've already provided it to you twice earlier.,account_access
1101895,@AmazonHelp i cant even get into my account. and you guys said u will email me back but never did,account_access
103088,"ORDER NOT DELIVERED WORST EXPERIENCE WITH AMAZON!!!@
booked remi y1 on 22nov from wednesday sale,order  not delivered nd got cancelled aftr 10 days of shippment. mr amazon i want my phone. worst service, i ever recieved. once in weekend sale.
@115821  @AmazonHelp  @138673",missing_delivered
1020975,@AmazonHelp they can't help also.They said now you won't get product u will get refund..But this is wrong as courier never came to my home,refund_request
1021021,@AmazonHelp Photos. Basically now the product is exposed and leaking everywhere... literally broken in half. Can't believe the driver just threw it 😑,damaged_item
1121319,@AmazonHelp so you would be able to replace the broken one you sent me.,damaged_item
1157188,With out delivering it is showing as 'Delivered' ....want to see receive copy.... @115821,missing_delivered
1004670,@AmazonHelp Thanks!,other_unclear
1123349,@AmazonHelp What a way to solve the problem. Just to send in an email linking those orders to my account  whereas I don't have any. Wow!,account_access
1160487,@115821 Damaged product was delivered. No replacement till now.........,damaged_item
1155102,@AmazonHelp it’s fine i’m cancelling the order,cancellation_request
1002617,"@AmazonHelp @115850  there is no CANCEL ORDER tab in my app. How can i return the item for the refund, when I have not at all received it?",other_unclear
1118065,@115821 I didn’t receive my package it was supposed to be shipped two days ago I paid for 1 day shipping too?,missing_delivered
1157224,"@AmazonHelp Purchased a $250 Amazon gc.We have tried to spend it 3x on amazon and every time we do, the account it put on hold for “suspicious” activity",account_access
1151725,Yet another @115821 package lost when being delivered by their own carriers. What is the point of prime if you never get your stuff.,missing_delivered
1121614,Fuck @115821 the long way 🖕🖕🖕 I hate y'all rn give me my money back I'm not subscribed to u the fuck you thought this was,refund_request
103141,@115830 having to return 4 damaged items as the packaging you sent them in wasn't fit for purpose. Throwing items into an empty box isn't acceptable.,damaged_item
1091281,Hey @115821 I want to file a claim my shit says delivered it never was and I have no idea PLEASE HELP ME,missing_delivered
1148673,Kudos to @AmazonHelp for dealing quickly with a small manufacturing defect / replacement of @44946 kneepads. Love the pads/love the replace!,damaged_item
1172506,@AmazonHelp I love when a package says delivered in mailbox and it's not there. 🤔,missing_delivered
1109524,"Why is it every time my order from @115821 ships under its own delivery (amzl us) service I never receive my order on time. Due today, 😂🤣😡",missing_delivered
1108146,"@AmazonHelp Yes a ""Guaranteed Delivery"" date of yesterday. It's happened a number of times this year, including an order that was lost in shipping &amp; I was then charged twice when it was re-shipped. I can understand errors happen, but now just unreliable.",refund_request
1003619,@115850 @AmazonHelp i thin this time u know what you have to do,other_unclear
1108218,@115821 @3375 Date? No but their packages do not arrive till AFTER 8pm. Not cool,delivery_delay
1031897,@AmazonHelp Fascinating. Touch ID login doesn’t show up as option any more. Perhaps that’s because the app appears now to be always logged in. Insecure.,account_access
1159345,@AmazonHelp why can’t i get into my amazon account? It says my password is incorrect and i know it’s correct i changed it 3 times now,account_access
1000119,Irritated on principle. I spent 2+ hrs looking for a 400-page book I ordered in May &amp; it's nowhere. Now I have to reorder. @AmazonHelp,other_unclear
1007732,Waiting for @115821 to deliver my package like,delivery_delay
1049355,@AmazonHelp I got this massage when i dropped article at drop off location so intiate refund,refund_request
1119103,"@AmazonHelp some of the items in order no. 406-3518026-9970718 show ""delivered"" but I haven't received them yet! Anyone I can talk to?",missing_delivered
1141915,"@115850 Return &amp; Refund of Order# 403-8498939-9202704 is processing since 1.5 months, escalation done, no return pickup done since 2 week!",refund_request
1002879,"@AmazonHelp Useless I’m now guaranteed the item will arrive tomorrow, I was guaranteed it would arrive yesterday and the day before....no more prime",other_unclear
1150902,"Please, where's my order? Delivery was at 8pm yrstdy, got a text at 7:47p informing me of undelivered package @AmazonHelp  @115821 #URGENT",delivery_delay
108225,"@AmazonHelp Thank you but I just spent 2 hours on the phone with the Customer protection department and they can’t guarantee my money back but gave me the email to contact the fraud department. It was digital merchandise and according to your restrictions, a guarantee claim won’t work.",refund_request
1031536,"@AmazonHelp I have a doubt. Do I get an extension on my Prime Subscription with my Echo or not?
I already own a Prime membership. //cc: @119625",prime_membership
1173902,@115850 I don’t know why you people are not canceling my order I don’t want it I already got another one,cancellation_request
1002919,@AmazonHelp was promised a refund but been couple weeks hasn't come through. Closed account so can't contact. What number can I ring?,refund_request
1138625,@AmazonHelp how do I cancel my eurosport trial? Cant seem to find the option.,cancellation_request
1053581,"@AmazonHelp Hi there, I’ve been waiting for a parcel to be delivered all day. Any chance I could get an ETA???",delivery_delay
1112098,@115821 you should really rethink your partnership with @118706 my packages keep not getting delivered which makes me not want to use prime,missing_delivered
1174742,@115821 This is how my item was left on the porch. No delivery box. Hope it’s not damaged...,damaged_item
1010362,"@AmazonHelp I have ordered echo dot, said prime membership is free for a year, when the prime membership wil b activate? Aftr delivry?",prime_membership
1110765,"When youve been waiting 4 that package from @115821 all day &amp; then they dont come thru. BTW, it was suppose to arrive on day that it shipped",delivery_delay
1079464,@115851 could you please ask @117093 to not dry ice freeze the produce?  Thank you sir.,technical_support
1004525,@AmazonHelp This is what it says,other_unclear
1000138,"@AmazonHelp I already connected. Did live chat, you are ready for refund. people need to know the actual fact of @115850",refund_request
1010016,"@115850  Request you to kindly     improve your return policy , it was too headache for returning an defective Iphone 8 Plus",damaged_item
103136,@115830 waited in all day for my amazon prime for it not to arrive. Won't be renewing and it's needed for Friday. So annoyed,delivery_delay
1095916,@115821 what pathetic service u have.u guys send me  a different product not ready to replace nd not initiating refund.No value 4 customers.,refund_request
1003677,@AmazonHelp As suggested I have filled the form and submitted it.,other_unclear
1131244,"@AmazonHelp No nothing I’ve waited for a week and had to cancel as need the item, hence I ordered it. Surely a lead time of 2-4 months is not acceptable",cancellation_request
109973,@AmazonHelp And here it comes - rather than sorting out your staff and couriers - it’s another form to fill in and my fault. Your service is the pits. I’m cancelling prime as it’s a waste of money.,cancellation_request
1171332,"@AmazonHelp As per your request we have updated the email id to the account, now want  a solution to the issue,",account_access
1118047,"Product not delivered but still shows as delivered. 2 follows ups done 3 days, issue not sorted. Vbad delivery service @AmazonHelp",missing_delivered
1001043,"dear sir, order id:404-4313025-2413959 in India not solved refund issue since four months by amazon India,please......@115851",refund_request
1121762,"@AmazonHelp I'm still waiting for a response, I have received no further communication. Please don't wait until the order is cancelled from your end to tell me that you cannot help now that it's cancelled.",delivery_delay
1099841,@AmazonHelp u have worst delivery partners. All my orders delayed.,delivery_delay
1001077,@115821 this guy is tossing packages on 51st street btwn 1st/2nd ave,other_unclear
1008919,"@AmazonHelp..Order No..404-6800877-5877920
Item recieved broken. Please get it picked up from shipped address. No option on ur site.",damaged_item
1155105,I WAS LIKE UM IS TODAY THE 30TH? UHHH I KNOW I DID NOT PAY 3.99 TO HAVE IT EITHER TOMORROW OR THE DAY AFTER TOMORROW FOR IT TO ARRIVE OCT 31,delivery_delay
1031532,@115821 On top of the fact that you double charged my account last week!,refund_request
1002875,Hi @115850 is it possible to purchase Kindle book from  being Indian user?,other_unclear
1050778,@115821 my package says delivered but never got it. Where is my package !!!!,missing_delivered
1090503,@AmazonHelp hi I bought something the other day and it says it was delivered but I never got the item,missing_delivered
1003714,@AmazonHelp Attached is the error mesg for your reference,other_unclear
1167732,@AmazonHelp trying to place an order with amazon app. Not working. When I click “Buy Now” it flicks back to “Order Summary”. Any ideas?,technical_support
1005134,"@115851 Hello! My husband purchased a camera for my son on @115821 and we were charged twice for it. We called last night and the charge went from pending to processed... twice. How can we fix this, please? Thanks!",refund_request
1069882,"Hey @115821 - #AmazonLocker ""Razzle"" touchscreen broken, causing failed deliveries &amp; pickups. Pls stop allowing deliveries there 'til fixed.",damaged_item
1118002,I ordered Moto M on @115850  . They sent a defective piece. Now not giving replacement.  This happened twice. Fake festive offers,damaged_item
1122269,@AmazonHelp but y should I wait? At d time of booking delivery date is mentioned. You have to be proper for delivery date if it is delay.,delivery_delay
1004581,"@117086, te amo. compro o livro na quinta de noite e chega hoje já",other_unclear
1005049,@AmazonHelp Pre-orders? I have a default place. But it wasn't on the packaging so I think he guessed. I have a really important thing on the way 🙁,other_unclear
1005120,"@AmazonHelp Si sì! Siete fantastici! Confermo! Domani ricevo il mio primo pacco Amazon domenicale!
Vi adoro!",other_unclear
1022799,"Hi @115830, someone has hacked my account and changed the login details as I just received an email confirming this. Who should I contact?",account_access
1065683,@AmazonHelp I didn't get my order but it's showing delivered on amazon app. What should I do please share the steps.,missing_delivered
11607,"@AmazonHelp Once again the answer is ""We'll send again and your Prime membership means nothing and so does 2-day shipping."" This happens TOO OFTEN.",prime_membership
1116557,"@115821 Meanwhile, the missing package has mysteriously reappeared and been delivered, but the product is damaged and, therefore, unusable. (5/?)",damaged_item
1004615,"@AmazonHelp I'm just not seeing the option for a locker whatsoever, and I've really scrutinized the items, they're all on Prime and all size/weight eligible. All I'm getting is options for my UK addresses.",other_unclear
1064866,"The most painful thing about my broken/cracked devices is that I'm not the one doing the damage to them. My laptop, my Kindle &amp; now, phone.",damaged_item
1000991,@AmazonHelp Well call took place at 830 this morning and nothing yet,other_unclear
1151780,@120872 Tried the reboot but it didn't work.  I have to now send the converter back to @AmazonHelp  now as it seems to be defective 1/2,damaged_item
109912,"@AmazonHelp Only the one email saying the multiple charges for the tv will be refunded eventually. No mention of the delivery charge  being refunded. No money in my account yet. Apparently delivery is going to be next Monday, but it was previously meant to be today then Saturday so who knows",account_access
1020073,"@AmazonHelp I have! Made a new account and everything and explained the situation. I think everything is fixed on my end, but I just want to be sure that the hacker doesn’t have access to my credit card!",account_access
1168518,"@115821 where the hell is my order? It was supposed to be here about 1 week ago , and i still havent recieved it. #upset .",delivery_delay
1002901,@AmazonHelp I love you so much!!! You have the best customer service ever!!!,other_unclear
1148268,@AmazonHelp 4 delayed orders 9 in the last 2 weeks  Also had pkg delivered that wasn't mine I'm a prime member  I pay for that 2 day shipping @2150,delivery_delay
1003628,"@115825 Werden noch weitere Ninjago Staffeln, im Prime angeboten? Staffel 1-3 kennt leider mein Sohn schon.",other_unclear
1016387,"@115821 hmmm well next day delivery didn’t arrive Fri, or Sat, not even Sunday.... where is my order??????",delivery_delay
1028207,@115850 #171-0035162-0017904 not delivered with paid delivery &amp; shows delivered. Its late by 3 days.2nd instance in 2 months. Pls help.,delivery_delay
1057376,@115850: Order no.:403-0082364-6927522.The Lakme kajal pkt was torn n kajal was not there(appears stolen).I need replacement n not refund.,refund_request
1006599,"So glad I paid for Same Day Shipping from @115821 just for my package not to arrive, and tracking says won’t be delivered for another 4 DAYS",delivery_delay
1049369,@115850 @AmazonHelp I would like to know status of my order and why it was delayed in the first place.,delivery_delay
1050402,"@115830 trying to cancel an order, go to my orders, go to cancel order and nothing, white screen 😩",cancellation_request
1049417,@AmazonHelp @115821 @115850 I have again dropped my details and waiting for my order to get delivered patiently. I spent 80 rs for 2 day delivery,delivery_delay
1075377,@115850 the package has been already picked up by your assigned courier 3days back.When I'll get the refund?,refund_request
105163,@AmazonHelp It has apparently been delivered but hasn’t arrived. Phoned twice and still no success. Why do I have to speak to people in the Philippines etc? Appalling service.,delivery_delay
1100388,"@AmazonHelp I already did and will get a refund for the missing half and half, but I still have to dry clean the soiled clothes, clean my soiled shoes, and mop the floor, as well as spot clean the wool rug. NOT happy.",refund_request
1003641,@115850 Talked to 6 customer associates. No response on my order 405-0189843-8317979,other_unclear
1015614,I’m so sad this is the first time @115821 messed up my shipment and they won’t even give me a refund 🙄🙄 PRIME MBR FOR ALMOST 2 YRS NOW.,refund_request
1137884,@AmazonHelp initiate refund asap.your customer service is clueless.,refund_request
1018187,@AmazonHelp It's just an email n want to replace the #product or #refund #totally #fraud #done #with #me @115850 @119351,refund_request
2290859,"@AmazonHelp #JeffBezos , #flipcart . Order cancelled because of non delivery in stipulated time. Order on Amazon needs advance payment. Refund to take 2 weeks !! Amazing tactics Amazon !!",refund_request
1002895,"@AmazonHelp Did the chat thing yesterday, and spoke to Kendrick, who assured me it was sorted, and goods would be delivered today.",other_unclear
1172181,"@AmazonHelp Hi, I have gotten in touch. I'm getting a refund so I can go buy it somewhere else tomorrow.  Just frustrated as I was counting on this. :(",refund_request
1073221,"@AmazonHelp Delivery due today. Prime, guaranteed. Left seller 1:51am yesterday,  update shortly before noon today of delay, timestamp of 4:03pm somehow",delivery_delay
1148733,"@AmazonHelp Is on my door mat and not to be given to neighbour. Cust services confirmed this, got home and parcel had been delivered to neighbour! 😡",missing_delivered
490585,@AmazonHelp No I won't do it. I don't know the password. Can you explain how a laptop has disappeared again. Are you lot completely incompetent?!,account_access
1067665,"@AmazonHelp My Amazon/Kindle account keeps saying ""my password is incorrect"" no matter how many times I type it correctly or change it.",account_access
1085135,"@AmazonHelp I cannot. When I try to login, this is what it is displayed. It' been frustrating",account_access
1003720,@AmazonHelp Still facing the same issue very surprised to see there no TAT for a company like @115850 but you still run offers on recharge,other_unclear
1123330,thanks @115850 got my refund just now.,refund_request
101751,"@115850 amazonIN Order id-4__credit_card__. Order date-4th oct 2017. Payment already done. But till today, haven't received my order. Wrote 2 separate mails also, but not proper reply from your side. Highly disappointed. Is this the way u treat your customers??",missing_delivered
1129902,@115850 without asking me y u guys activated prime membership. Plz call me urgent. I didn’t need that.,prime_membership
1001009,"@AmazonHelp Difference between 'best possible prices' and charging higher than MRP. And yes, that was quite a comment, which you shouldn't take lightly.",other_unclear
102922,@115850 @5903 @115850 please note I do not want a replacement I want a refund but there is no option for refund on your app. Contact me!!,refund_request
1134974,@AmazonHelp cant even get a refund on my game as the system says dispatched,refund_request
1067664,"@AmazonHelp Yes, I just reset it again just now to test it. I heard it's possible that my account has been locked due to ""fraudulent activity"", but I've",account_access
107306,"Yet another day staying in for a delivery of parcels by the Amazon UK delivery network, last time they said it was delivered, this time, it's on the way today, still hoping for a delivery, but will not be holding my breath! 

Amazon",missing_delivered
1001090,@AmazonHelp Not received any email. Pls stop harping about it! And enough of this harassment. If your courier guy calls once more you will get reported,other_unclear
1002643,I didn't receive delivery &amp; it's showing delivered. This is the 2nd time I'm facing this issue after paying online @115821 @115850 fix it!,other_unclear
1071156,"@AmazonHelp if you could give me email or somethingSo i can identify myself, so you can fix my account and the cancelled orders on the bits @AmazonHelp",account_access
1123316,I'm this close to cancelling the order,cancellation_request
1140887,"@AmazonHelp yes, i can't login. my account was blocked last week, i sent the information asked and it was unblocked but my order has blocked it again",account_access
1138363,@AmazonHelp But when I click on the order it says expected Nov 2-3. How is it out for delivery if the expected date is extended by two days?,delivery_delay
1001613,"おい、Amazonさん
ここ海外だぞ
交換を言ったんじゃないよ
これから包装ちゃんとしてくださいと言ったんだから！",other_unclear
1098617,"@AmazonHelp Yes I am here is a screenshot, I noticed that the CSS formatting on the page is broken too, unlike the .com version of the site.",damaged_item
1105114,@115850 @115821 @115830 Make a offer for me bcoz of delayed delivery,delivery_delay
1156203,Um @115821.. @77003's BEAUTIFUL @50479 book #Prince: A Private View finally arrived--damaged; why cram it into wrong size box?! 😑😔💔,damaged_item
1173024,Waiting for that @115821 package like,delivery_delay
1001061,"@AmazonHelp But the date says u will gt replacement device by 29th Nov, didnt u see me msg screen ? Let me attach it again",other_unclear
111800,"Dealing with worst customer service ever @AmazonHelp ,Did not receive a refund on items returned after weeks of going back and forth with customer service I spoke to a supervisor that straight up lied to me on my orders b careful shoppers @115851 #BlackFriday #Amazon #bitcoin",refund_request
1065680,@AmazonHelp Sir I have responded to your email but I haven't got my refund back,refund_request
1135218,@AmazonHelp They came damaged in the exact same places. So that makes me think lp’s are not being stored the right way on the warehouses.,damaged_item
1098615,@AmazonHelp I have sent a DM in regard to an unexpected Prime charge,prime_membership
111884,"@AmazonHelp delivery expected by 8pm, stayed in ALL day. Gone 8pm and still ""out for delivery"" 😩",delivery_delay
1141920,"@AmazonHelp I waited for the sale ' of course '. Now you guys are not replacing the defective product ,",damaged_item
1019302,"Well, I guess my Amazon order's not going to turn up now despite being 'out for delivery'. Weirdly, one of the three items *did* arrive.",delivery_delay
1003674,@AmazonHelp I hv used the options that u suggested in last tweet but it doesn't solves my problem. I contacted 2-3 times by phone and mail.,other_unclear
1039528,"@AmazonHelp Self-return,password reset n email id lot many issues.Nobody gives proper soln. Y don't u mention in website whthr pick up is not available.",account_access
1121627,@115850 #fake sale cancelled my order without any reason because i order it at 80% discount. if u are going to cancel then what is the need of sales,cancellation_request
1094284,@AmazonHelp I already did and was advised to cancel the merchant agreement. I did. I just hope this doesn't land me into trouble @hulu_support,cancellation_request
1074610,@115821 why is it so hard to report I didn't get my package?,missing_delivered
1131261,@AmazonHelp And to issue a refund. I didn’t want the money I wanted my product.,refund_request
1068738,@115850 @AmazonHelp Didn't receive my order as the delivery person refused to do so!,missing_delivered
1020920,@AmazonHelp Does leaving feedback give me money back?,refund_request
1134032,@AmazonHelp my order was supposed to arrive yesterday by 8pm it has not arrived. now it appears you have rescheduled it for today. unhappy!!,delivery_delay
1014232,Where is my TV? I have paid for it and it got delivered in other location. Please refund me my money or deliver TV.@115850 @AmazonHelp,refund_request
1010359,#AmazonIndia sir i order 10.or G delivered on Wednesday after 2 days it is not booting plz help,missing_delivered
1100994,@AmazonHelp I dont want to even open the box. I want refund. Take it back and give me my money back.,refund_request
1096628,Hey @115850 your site is not loading to some OCSP error,technical_support
1013778,@AmazonHelp. So how do I get the #money back now unless you can email transfer.,refund_request
1018170,"@AmazonHelp @115850 WTF is wrong with you people, how much time do U take to issue a refund,&amp; customer service making false commitments.",refund_request
1005036,"@AmazonHelp Why can't you guys add an area for ""reference"" so it shows up on my CC statement?",other_unclear
1000981,"@115850 @AmazonHelp So many Quiz have PPL taken part in,But I never Saw The Winners List4AmazonPay. Is it Fake Contests #AmazonPayAppQuiz",other_unclear
1042289,@AmazonHelp Seriously! You as the vender can’t cancel my order? That’s ridiculous. Surely you have control over the seller? Last time I use marketplace!,cancellation_request
1002575,@357315 @115850 Is it FedEx?,other_unclear
1049356,@115850 just returned (Caprese Women's Clutch (Dull Pink)) order at drop off location with confirmation massage. hope refund in 3 days,refund_request
1159274,"@115821 @115821 please fix this mess before I cancel my regular prime account. I’ve been on the phone for 30 minutes, this is unacceptable",cancellation_request
1004596,"15-20% of my @117795 packages have shipping issues. started when they moved to contractors. Are rethinking the value of this service. I'm getting a refund for a package that just vanished, and a package yesterday showed up 24 hrs after it was claimed to be delivered",refund_request
1081756,Has anyone ever not received a package from amazon that says it's delivered? any recs on what to do?,missing_delivered
1051888,"@AmazonHelp This is cheating, fraud.. kindly take your product back and refund my money if you cant give what you offered.@115851 @119351",refund_request
1022812,"@AmazonHelp Why what's the problem? Today 14th October I purchased prime membership after that I loaded my wallet with ₹1500.
Fulfilled all criteria",prime_membership
1003639,Yo @115821 all week mobile or PC it's Christmas list season and you're killin me,other_unclear
1110366,@115850 @115850 but Amazon does not refund courier charges from customers who pay in advance.. And Amazon charges nothing from COD customers. Why?,refund_request
1089853,@115821 Why would my package say delivered if it’s not?,missing_delivered
1121806,@115821 I ordered something from your site and was billed twice for it who do I need to contact to get my money back,refund_request
1004607,"@AmazonHelp All of the items I've selected are on Prime, why can I select a locker (.com)?",other_unclear
1118060,@AmazonHelp Yeah I did. You guys might want to up your QC on returns tho. Or at least don't make me ship back broken products. A bit annoying.,damaged_item
1020102,@amazonhelp I seem to have to account.  1 with Prime &amp; the other without.  I want to cancel the 1 without Prime.  How?,cancellation_request
1034233,"Hello @115850 
I have been chasing your CS team for resolution / refund / new item for more than a week now. None responding !",refund_request
1134014,"why have amazon charged me for a year long prime account, do u think I have a spare £79 to waste on fuck ups:):):)",prime_membership
1078620,@AmazonHelp it get delivered on 25 oct but i didnt get it.. on 24th and 25th i waited for whole days but i didnt get my order. and after that they told,missing_delivered
1002614,@AmazonHelp I did &amp; still haven’t got it. So now tell me what’s the point of your 2-day delivery option? Should’ve just opted for your regular delivery!,other_unclear
1002576,Paid @115850 for a 2-day delivery &amp; agent says he’s coming for delivery (at diff times entire day). Don’t charge xtra if you cant deliver!,other_unclear
1103621,Does anyone else have an issue with Amazon in which it's telling you that your 100% correct password is incorrect? @115821,account_access
114441,@AmazonHelp can someone explain why I pay for prime choose next day delivery then get this? Tomorrow isn't Tuesday! If I'd know it be late I'd have picked the option with free credit thing!,delivery_delay
1037187,@AmazonHelp Yeah. We just called customer services and because it’s a 3rd Party seller whose inventory you don’t control they will process a refund IF we return the basket via Royal Mail. Why should we have to go out of our way!? All we want was the baskets.,refund_request
1001029,"@AmazonHelp I bought a TV and this is how Hermes left it! The card had a 'no safe place' option, but this was ignored 😠.",other_unclear
1004610,"@AmazonHelp Ok, thank you. Although none of this really answers my locker question.",other_unclear
1155124,@AmazonHelp Thanks for reaching out. I ordered something on 10/17 and it was supposed to be delivered 10/20 but it never shipped.,missing_delivered
1054817,@115821 2 suspicious orders have been placed on my account. I've reported it to Amazon on my acc but received a generic email response.,account_access
1127178,"@AmazonHelp The rep was very pleasant and apologetic. However, I am none the wiser on where my order is, when to expect it, or if it will ever arrive.",delivery_delay
1015661,"@AmazonHelp As I said I've spoken to the team who were great, had a refund etc, it's just very concerning",refund_request
1058034,@AmazonHelp when you get your order and 2 of the mugs are damaged... please help. I have emailed customer service,damaged_item
1003621,@AmazonHelp yes but they said ur product is at the hub and sry fr d delay hope u understnd ur customer issues n solve dem,other_unclear
1016392,"@AmazonHelp No update since the weekend, told it has been delayed. Each time we phone we are told it’ll be here the following day.",delivery_delay
1068744,"Why am I a prime member, membership includes free 2 day shipping and sent ups 3 day select. Order 10/19,  eta 10/25 @AmazonHelp",prime_membership
1110915,@AmazonHelp 4999 so you're refunding that amount. But are you guys smart enough to realize that by the time the refund comes back in my account,refund_request
1004666,"@AmazonHelp Hi again! Do you have any idea the ETA on getting this fixed? Paperback still showing up as a health care product page, not linked to ebook, tons of fake/unrelated reviews.",other_unclear
1117063,@AmazonHelp still not get any update..i want product only not any refund ..i had been purchased bcoz of diwali festival,refund_request
1125021,"@AmazonHelp okay, now I can't log into my Prime account.  The non Prime has been canceled.",prime_membership
1001094,"@AmazonHelp Contacted and mail also sent,response awaited.Pls do needful urgently.",other_unclear
1091293,Hye @115821 where is my shit it says delivered interesting that it was during the 2 hours I wasn't home and never had this before!!,missing_delivered
1112607,"@AmazonHelp just found out you’ve been billing me £7.99 for 11 months on a kindle sub, never signed up. So angry, I want my money back",refund_request
1085167,@115850 3 months old fire stick  crashes/ restarts in middle of content playing very frequently..plz help,technical_support
1057952,@AmazonHelp My last two orders were delivered by OnTrac. The first order never arrived on delivery day. The second order (electronic home sensor) arrived in a flimsy envelope with the product box damaged on all sides and with dirt on the box.,damaged_item
1151156,@AmazonHelp Take order n tell customer it's on the way but never deliver it or don't allow to cancel it....,cancellation_request
1021037,@AmazonHelp Ahhh it's been delivered now. Late but better than never. Though I don't know why it said failed to deliver.,missing_delivered
1002637,"Protection Level : Ultimate
@115850 air cushions should not deflate while in transit. Kinda negates the purpose. 😛",other_unclear
1108786,@AmazonHelp i cancelled my prime membership and was still charged,prime_membership
1004561,@AmazonHelp That you’ll email me an update in the next couple of days?? How is that sufficient. Check WHO you delivered it to NOW and advise. It isn’t hard - you’ve clearly delivered it to the wrong address or have a dodgy driver - find out which.,other_unclear
1033038,"@AmazonHelp how is mine delayed, but I can order another for delivery today? Should I cancel and rebuy?",cancellation_request
1143145,"@AmazonHelp Yep like 3 times, Fri, sat, &amp; sun now delayed til tomorrow :(",delivery_delay
1129384,@AmazonHelp @115851 @115850 @1560 @3923 @951 @8850 I bought Moto M on @115850 n received defective mobile. No replacement provided . #NoToAmazon #AmazonCheats,damaged_item
1120478,@AmazonHelp Today! However since this was put on a priority and I have been waiting since Sunday you would have thought a curtsey call may be in order.,delivery_delay
1076298,"@373967 @AmazonHelp Hi,
As discussed over call; since you have already requested for the refund of the plan through Amazon thus, soon the same shall processed.",refund_request
1001612,@AmazonHelp @357113 아이고...그래도 아마존헬프가 나타나서 도와주네요 어찌 알고 온거지...ㅋ,other_unclear
1033742,"This sorry ass tracking # has NO info! Its not US postal, Ups, its some damn AMZL US! Amazon dont have no info on this number either!",delivery_delay
1004369,@AmazonHelp Disgusting.what the hell are you doing about my product,other_unclear
1055347,@AmazonHelp Hey! Do y’all still do the thing where you’ll extend a prime membership if a prime shipment misses its date?,prime_membership
1005118,I order from amazon so much that my neighbours know the delivery man on a first name basis,other_unclear
1052384,@AmazonHelp I've checked with all. N'bours are out of town since many days so can't be &amp; security doesn't have it. Please find out where my package is!,delivery_delay
1003721,@AmazonHelp @115850 If you unable to solve pls guide on how to withdraw balance from Amazon pay,other_unclear
1143444,@AmazonHelp if i canceld the parcel used on prime doi get me refund?,refund_request
1001073,"@116935 Purchased some music yesterday &amp; having issues with one track, it doesn't show in my downloads at all but shows on my order. Help please",other_unclear
105014,@AmazonHelp I have but I do not believe them when they say the bag was damaged on delivery to me. They package was well wrapped and this is the mark,damaged_item
1001070,"Hallo @116316, kurze Frage: die von mir als „Prime“ erworbene Lieferung „Next business day“ gibt es jetzt gar nicht mehr?",other_unclear
1105761,"@115850
I accidentally requested for cancellation please don't cancel my order. Order #
404-9441701-1229127",cancellation_request
1064858,@AmazonHelp So I request you to please say that will I get my refund back or not,refund_request
1038889,@115850 it is pathetic customer service from your team have not received since past 2 months for order no 406-3476867-2157940,missing_delivered
1035482,"@AmazonHelp Your help is saying “Sorry that happened. Your refund will be processed in 3-5 days, call your bank” well I’ve called my bank and will still",refund_request
1143111,@AmazonHelp So what will I do if you add new movies after ending of my prime membership? Because I am not going to renew it.,prime_membership
1160647,"@115830 Hi got an email about a refund but it’s a diff card now than the one I paid on as it’s a new card, will that make a difference?",refund_request
1127258,@AmazonHelp I’ve ordered something and it’s been damaged in transit twice and I needed it last week and you guys are seriously hindering my life,damaged_item
1173879,@115830 can someone from account services please contact me rather than sending the same email everyday that is not solving my problem,account_access
115887,"@AmazonHelp Your customer service is being useless, how do i escalate my issue?  i'm being fobbed off with excuses of misplaced parcels or accidentally scanned as delivered and i will receive the parcel tomorrow, i've already been around this useless cycle",missing_delivered
1012303,@AmazonHelp Hi Amazon. My son has damaged his Amazon fire kids tablet by getting it a little wet. The screen won't show. How do I return?,damaged_item
1005110,@AmazonHelp Finally received the product. But it is of no use for me as i ve to gift it to someone else. Anyway thanks 😒,other_unclear
105269,@115830 First customer service rep at 8.15pm said it would arrive 28/11 by 9pm. 1 hour after what ut said on the account and the email i was sent this morning. Second customer service rep at 9.25 said it wouldn't arrive till 29/11. Wasted time. Been a customer since 2000. How much longer,account_access
1000989,@AmazonHelp was supposed to get a package yesterday.  Was told could not deliver.  I was home all night and it was never attempted.,other_unclear
1119212,@AmazonHelp Refund the differential amount . Your price changes very constantly . That's not the customer issue .,refund_request
1004594,"It REALLY annoys me that each and every time I order something from Amazon prime and USPS is the carrier, they NEVER deliver my items on time!",other_unclear
1011641,1. @115821 I preordered a £79 game from your website. I cancelled it and am now being told I'm not entitled to a refund. My bank statement,refund_request
1118061,"State in which I received my ""new"" broken SD card from @116316.
Cut apart and taped in place.
@115851 pls explain how this happens.",damaged_item
1052136,@115821 I got my shipping refund,refund_request
1002662,"@119625 Sorry. Did that, still not helping. My SD card is formatted as an internal memory is that why it doesn't download directly to my Sd card?",other_unclear
1149812,@AmazonHelp Your support team is helpless I wanted to place an order today but haven't received my refund through @115823 what a waste,refund_request
1089865,@AmazonHelp I got a code for Cuphead for Windows 10 and I would like a refund???,refund_request
1026995,Someone made a second @115821 account with my email address for the second time... how is that even possible???,account_access
1055242,"@AmazonHelp These items are being delivered for the 3rd time today &amp; I’m working from home, not feeling optimistic that she’ll be delivered....again😱",missing_delivered
1157963,"@115821 Help me out here. Get you pushing Prime but this is ridiculous. Expected delivery possible today, yet not even pulled yet.",delivery_delay
1047185,@AmazonHelp  my order no 4__credit_card__ not received yesterday i am available today pls deliver again,missing_delivered
1141883,@amazonhelp But I cannot find a way to contact them. When I login there's no further info on my returned item.,account_access
1094202,@115850 is a worst service provider. Friends plz don't buy anything from this website. Because they send damage products and don't return.,damaged_item
1020278,@AmazonHelp Told I'd already had the refund and to contact the bank to get proof I  hadn't had the refund and to email  over a copy of the proof!!,refund_request
1102334,@AmazonHelp I have no idea whether it is on hold or no.Tried changing the password stll showing incorrect password.regstrd id __email__,account_access
1010789,Apparently I'm getting a refund on a dress I did not actually return to @115821? What.,refund_request
1124638,"@115850 want cancel the order, but cancel button not found...",cancellation_request
1053524,@AmazonHelp U people cancel the order by ur choice n then ask us to place a new order wen there is hike in price,cancellation_request
1029664,"@115850 
What's the meaning of Prime membership if it takes 7 days to get an order!!",prime_membership
1057328,@AmazonHelp You provided the service to sell the product and because you delivered it broken we should be given a replacement at the price we paid for??,damaged_item
1037606,@AmazonHelp Expected delivery date is 20th October. Tracking number 709143123267,delivery_delay
1082375,@AmazonHelp I cannot login into my account .com,account_access
1004528,@AmazonHelp Canada Post,other_unclear
1106472,Hey @115850 your site says my ORDER # 406-1475283-9680335 was delivered yesterday and signed by me..... I never got it or I signed it.,missing_delivered
1173007,"My latest Amazon package is delayed ""due to weather or natural disaster."" Location: Hialeah.",delivery_delay
1015662,"@115830 so got a notification saying prime now order delivered. It hadn't been. Wait 10 mins to check. Call and find out it was given to a ""neighbour who knows me"" at a property I've never been to. So now someone a) has my food b) thinks my flat is empty and has my address",missing_delivered
1005101,"@AmazonHelp Yeah the name was left called ""spinetinglers""",other_unclear
109905,@115830 twice it's said it's delivered and twice it's been a lie. Not even a card through our door or anything. It even says received.,missing_delivered
1013054,"@AmazonHelp Before I cancelled the orders, they said they were expected today. But @247022 does not accept delivery today. That’s the point I made?",delivery_delay
1137256,@115850 This is what I am getting. Link is asking to log in,account_access
1022753,My parcel was supposd to b delivered 3 dyas ago thru prime membership by amazon and their criminal intent Courier boy @AmazonHelp @115850,prime_membership
111778,"No, I have not received any email from your account specialist, or anyone else, and I didn’t received a called back either. I am appalled by the response of @115821 to the hacking of my credit card",account_access
1002915,@AmazonHelp Awesome! I’m waiting!!,other_unclear
1164619,"@AmazonHelp Oh I did. I'm supposed to be getting a refund and I got a ""sorry"" about the postage due. Let's say I was underwhelmed",refund_request
111804,@AmazonHelp This refund process is taking way to long  i have had to speak with multiple amazon reps this is kinda ridiculous.. i have never had a worse experience getting a refund on something in my life.,refund_request
1135122,@AmazonHelp my order still hasn't arrived for pre order today and has no tracking info? What's going on?,delivery_delay
105260,@AmazonHelp So this is the third day that it hasn't arrived. Someone needs to sort this out ASAP as I feel I a being lied to and passed from pillar to post.,delivery_delay
1028999,@AmazonHelp was charged multiple times for an order that never showed up. have spoken w customer support twice.,refund_request
1108292,"@AmazonHelp its not about that. They sent me a ""new"" s7 with copycat software that stole all my credit card info. Cool right? No refund.",refund_request
1108320,@115821 where is my package. i order from y’all all the time. y’all know me and know my address. idk why your site says package delivered when my empty mailbox says otherwise,delivery_delay
1003654,"@AmazonHelp Definitely my last time with you. Delivery guy lying, bossing around and ""no use of raising a complaint"" as per him.",other_unclear
1041107,@AmazonHelp I have send the details. Take your Imcomplete product return now.  And Refund the money . No further order Amazon,refund_request
1133490,@AmazonHelp Then what's the benefit for taking a prime membership if I have to wait for products to delivered.....tell me @115850,prime_membership
1159363,Amazon just charged me 10.99 for a prime membership when I cancelled my subscription 4 months ago...,prime_membership
1105574,"@AmazonHelp Two items, both prime items. Delivery delayed now expected to be 6 days",delivery_delay
1173016,"@115830 yet again another item not being delivered on time, why am I paying for a service I’m not receiving? Very disappointing",missing_delivered
1010019,Trying to sign up and test out @117093 - every time I click start trial it just brings me back to “manage your prime membership”,prime_membership
1008487,@AmazonHelp It was never delivered to me infact your executive had accepted that the delivery was not done. I need a resolution asap,missing_delivered
1004633,Can’t really believe @115830 are sending out vinyl by sticking a postage label on the shrink wrap! Arrived damaged - hardly a surprise. I’ve seen some bad vinyl packaging in my time by this takes the piss. #anrgy @AmazonHelp,damaged_item
1082912,"@AmazonHelp Product was late to ship by amazon.ca. Contact Amazon Customer Service to request info and see if shipping date could be met, or I cancel.",cancellation_request
1002547,"@AmazonHelp It's not an issue, just an observation :)",other_unclear
1164624,Not impressed with @115830 prime trial. First thing I order misses the guaranteed delivery.,prime_membership
1000194,"@AmazonHelp I was suppose to receive the order on Friday(Oct 20), but saw that it got delayed from Oct 20-24.",delivery_delay
1151171,@AmazonHelp Ok.. And m sure I ll get a mail once the product is dispatched.. So as to make me aware of my prime membership,prime_membership
1129405,@AmazonHelp Told my front door was inaccessible. Was waiting on my delivery by the door at that moment. Driver may have had bad directions. Needed order,delivery_delay
1000130,@117093 sign up page appears broken. Cannot sign up. Help!,damaged_item
1007738,@AmazonHelp Re-sending (which I requested to a different address) or a refund. But neither really solve the problem that it’s Prime and late.,refund_request
1002886,"@AmazonHelp Your teams are all reading scripts and say they take personal interest and will call back, never do. This is terrible customer service.",other_unclear
1131266,@AmazonHelp When I asked what happened and why was my item arriving late? She stated your delivery date is the 25th.,delivery_delay
1060447,"@115830 cant get in touch with ur phone support because you dont publish a number. And since I my login id has changed, I cannot request a callback!",account_access
1148345,"Finally buyed an Amazon echo Dot, but can't wait till 6 November, btw Amazon where is the prime music, and my prime membership... @115850",prime_membership
1151737,@AmazonHelp I have contacted your cc and they promised me 24-48 hrs to resolve the issue. In case you failed to resolve the issue then I need my full refund for this #harrasment; As every video has same problem. #patheticPrimeVideo #amazonprimevideo,refund_request
1053461,"@AmazonHelp still not received Prime order from Sunday, advised returned to warehouse. Followed complaints online, but not happy",missing_delivered
1056772,@AmazonHelp sir i order by mistake redmi 4 bt i wanted to order note 4. can i refund that product now,refund_request
1105142,@AmazonHelp I understand. But I don't want a refund. I just want the product that I had actually ordered.,refund_request
1118044,Got everything I wanted for my birthday but I’m still waiting on the d and this package from amazon.,delivery_delay
1044930,@AmazonHelp ...it throws a 404 page error. It worked fine up until 8.50am. It's been broken for the last 2 hours.,damaged_item
1074609,"@AmazonHelp Received a text around 450pm that my package was delivered, came home around 7pm and it's not here.",missing_delivered
1145025,@AmazonHelp having troubles with a refund third party vendor bought something with debit card. Is there a number I can call for help?,refund_request
1096720,"@AmazonHelp I sent email, but this is the 3rd order in 2 weeks which has been lost and/or delayed without explanation.",delivery_delay
1048169,"@115850 I got my printer today, power cable is damaged, and there is no Data cable Check image. Order number- 403-9681243-2700349",damaged_item
1100514,@AmazonHelp Is says delivered wednesday which it wasn't. Got another cd supposedly coming today... whats the point in pre-ordering them from you if they dont turn up on release date? A week lates no good.,missing_delivered
1035532,Hey @115821.. my package is delayed because I requested a new shipping address? I did not request it to be delivered to somewhere else!,delivery_delay
1082241,@115850 @118919  Lodged cnsumr court cmplnt agnst Amazon. They chargd me xtra &amp;nw force me 2 tk refund as Amazon Pay.Why? #gundaraj,refund_request
1050728,@115850 @115821 Delivered an opened/used headphones with a broken seal box in the name of brand new ones to a prime member!! #unethical,damaged_item
1008937,"@115821 you are punishing me, ‘cause of something that you did. It’s your business this late package, and I’m not supposed to suffer w/ it.",delivery_delay
102944,@138640 @AmazonHelp Amazon big trouble I bought cyber Monday deal but you guys damaged the package in transit and now won’t honor the deal price 😕😕😕,damaged_item
1003597,"@AmazonHelp Thank you, I will do! Didn't know what to do about it so thanks for the link ☺",other_unclear
1100975,"I pay a lot a year for Amazon Prime but it doesn't work. My package was meant to arrive 16th, then 17th. Lost two days work. not arrived",delivery_delay
1106567,"@115821 if there's no way to specify ""no Amazon"" delivery, I might just rethink my prime membership.",prime_membership
105237,@AmazonHelp Sorted cancelled account and prime membership EVENTUALLY after 3 calls and 1hr 15mins,prime_membership
1004574,@AmazonHelp “Shipped with AMZL US”,other_unclear
1141922,@AmazonHelp I would have a total difference of 1050 (diff) + 1199 ( cash back ) - 2249. Now i wish i hadn't subscribed to your prime membership.,prime_membership
1176259,@AmazonHelp They have sent several emails my way lying and asking for me to change my review when they have me a refund. 2/2,refund_request
1000136,@AmazonHelp I know it very well.,other_unclear
1005077,"@AmazonHelp I spoke to your executive on the helpline 3 hours back &amp; they assured delivery guys will call. Its 7:30pm, I'm still waiting for a call!",other_unclear
1000998,@AmazonHelp Sent,other_unclear
1114863,@AmazonHelp No. I need the item today anyway - it’s for a work project and now it’s too late. I have zero idea why it’s not here.DM me if u need order #,delivery_delay
1128650,@115830 I need help I have an account which has randomly had the email address changed. I have a prime subscription on the account. HELP!!,account_access
1082920,@115850 making fool of customer by cheating them watch this damage product for 2nd time hope Amazon hatching eggs on given complain,damaged_item
1001007,@AmazonHelp Ok will wait,other_unclear
1159335,@117634 App updated but it’s still showing this 🙄 #annoying #kindle #broken,damaged_item
1125284,@AmazonHelp I have filled the form. Deliver it by today otherwise refund my money back.,refund_request
449780,@UPSHelp Also the card you sent me in the mail in the mail has my name spelled wrong and my incomplete address 😾 I’m just really frustrated. Refund is on the way but #badcustomerexperience,refund_request
1105023,@115821 I have been trying to figure out how to get a game card delivered that says it’s delivered but never was...,missing_delivered
1135198,@AmazonHelp I only found an email today saying that if I clicked on the link my student account would be activated,account_access
497317,"@AmazonHelp Yesterday's date and today's date. Except half the order for yesterday's date wasn't delivered, when your website said it had been. I was then promised expedited delivery by customer services on the missing items, yet here I am with nothing at 6:30pm.",missing_delivered
1160421,@115850 is there any chance to get Amazon Prime Membership for free?,prime_membership
1111366,.@116439 why does EVERY GAME on @117406 @699 #NBALeaguePass app on #AmazonFireStick @115821 FREEZE EVERY 2 minutes? #ThisIsReallyBad!,technical_support
1078478,@AmazonHelp Item says delivered at 11am its currently 8:46est and I havent gotten a thing. I was told it’s on the truck in the community lol,missing_delivered
1056798,@AmazonHelp I’m being charged monthly for amazon prime but I can’t remember the email assosicated with the account to take it off?!,account_access
1005037,"@AmazonHelp there was a way for me to add a reference name or number to my purchases,I buy for home and work,need to be able to reference",other_unclear
1123638,@AmazonHelp And for the other order customer service said the shipment was damaged hence we returned it. What is that even suppose to mean,damaged_item
1125345,"@115850 I Received A Fake Sennheiser From U, Requested For Pickup &amp; Refund, But Didn't Get Any Of Those, I Want My Money Back..!! #worst",refund_request
1005041,@AmazonHelp @115850  Should I wait for delivery at pincode 457001 or buy from local market..??? 😐😐,other_unclear
1001982,"@AmazonHelp Yes, but you can't search only Kindle unlimited, which is what I was asking.",other_unclear
1034683,".@115850 trying to call you but i think you guys blocked my no ! I want my refund ,everytime new excuses from your side,you guys are worst",refund_request
1004644,Impressive service from @115830 as always - didn’t even ask for next day delivery &amp; got it anyway. Great customer service 🙏🏻🙏🏻🙏🏻,other_unclear
1076368,"@AmazonHelp @115851 no this is not helping, you r doing the same thing from last so many days rather that giving replacement/refund.",refund_request
1148289,@AmazonHelp Prime Customer. Delivery 2 days late. Lied to by 2 of your reps. Please check out details and respond,delivery_delay
1126127,"@AmazonHelp The only option I was given was ""you can cancel your order if you don't want to wait""...",cancellation_request
1010368,@115850 Surprised by this kind of negligence by @115850 .I have done several follow ups through email.requested for refund.Stil no updates.,refund_request
1004536,@120533 impossible de me connecter sur l’app mobile depuis que j’ai activé la double authentification :(,other_unclear
1135018,"@AmazonHelp I was told to contact customer support for postage refund after I get my item refunded. Just want to know when this is, thanks :)",refund_request
1000164,"This is after @AmazonHelp package was supposedly out for delivery this morning, then resent this afternoon. What am I paying for Prime for?!",other_unclear
1041216,@115850 Yes keep away. Delivered refurbished and now device dead . Shared service denied letter also. But even after 30days not responding. Such a useless service. Blocked all voice support. Escaping tricks,missing_delivered
1135219,"@AmazonHelp Ok, i’ll do my best. I ordered lots of records, and almost all of them arrived damaged. Amazon replaced them and they came damaged too.",damaged_item
1004526,@AmazonHelp It says “on the way”,other_unclear
1015623,@AmazonHelp please send back the driver with the rest of my order - I cannot be return the package for a refund.,refund_request
1037603,"@115821 According to your records, an item was delivered today but it was not. Other items delivered but not the one I needed today.",missing_delivered
1011682,@127390 My TATD book was arrived damaged from @115821 as well. #sadturtle,damaged_item
1109516,"@AmazonHelp No, they haven't. They routinely mark packages as delivered before delivery is attempted, and sometimes the packages never arrive at all.",missing_delivered
1007769,"@AmazonHelp Fed up hearing ""I'm sorrry..."" - It doesn't make up for being punished (by cancellation) by an agent who's too lazy to read incoming mail.",cancellation_request
1115837,@115821 why do i pay for prime if my orders keep showing up late and you keep changing your promised delivery time?,delivery_delay
1173899,"@AmazonHelp Nothing was damaged,thankfully. And the carrier was AMZL US",damaged_item
1127470,"@115850 Return of damaged product was initially scheduled on 03.10.17. Then, no response from Amazon and bluedart to pick it up. Pls help",damaged_item
1096687,@AmazonHelp You are loosing customer trust day by day in India @115851 The quality of the products are down gradually and refund policy also not good,refund_request
1003660,@115850 Can you still trace? It was supposed to be a gift for someone today.,other_unclear
1026200,"@AmazonHelp 2/3 This month, Amazon Logistics has lost one order, marked another as undeliverable, and delivered a package to the wrong address.",missing_delivered
1003690,"@115850 is getting wrost placed order on 24-09-17 but still not received product or refund, even contact CC but no satisfactory response.",refund_request
1021020,"@AmazonHelp Hello! Tks for reaching! As soon as I opened, I filled a complaint on the delivery via My Orders page. Yes, the mask was broken in two 😒",damaged_item
1150872,"@AmazonHelp I wouldn't be complaining here if you web site was at all helpful. It gives me a link that lets me cancel the product, then says I cannot.",cancellation_request
1100536,@AmazonHelp So I've been told I have to wait 24hrs for them to investigate. I hope this means their obviously untrained (or moronic) driver get their arse kicked and they send a replacement. Although I'm that angry I'm tempted to demand a refund and see if I can get it elsewhere in a sale 🤬,refund_request
1114988,"@115830 @128996 Remind me to never EVER get a pre-order through @115830 ever again.

#Destiny2 #destiny2pc
@140739 @161794 @115821",missing_delivered
1004650,"@115850 @115821 Received book on 9 Nov but a pirated version. Req for exchange till now waiting &amp; return window has been closed, why?",other_unclear
1071147,"@AmazonHelp hi guys, what time do you continue to make deliveries until? I have been waiting all day for my package but will be leaving soon",delivery_delay
1106557,@AmazonHelp Had to cancel &amp; reorder. On phone w rep for 10 min to resolve. Unacceptable,cancellation_request
1116986,"@AmazonHelp @115821 @115850 May I know the reason for cancellation if the product is available, this is nothing but cheating after canclling order after 17dys #cheating",cancellation_request
1092372,@AmazonHelp  @115850  what happened to my product will it be delivered or not??,missing_delivered
1157265,@AmazonHelp They work then they crash or the audio doesn’t match up with what’s happening,technical_support
1127971,@AmazonHelp I will but it defeats the purpose of next day delivery. I pay for prime and any time something is delivered with DPD there is a delay,delivery_delay
108298,@AmazonHelp No delayed notices received!,delivery_delay
1115267,@115821's two step verification is garbage and somehow someones able to change my account password so now I'm fucked. Woohoooooooooooooooooo,account_access
1082379,@115821 it is since 8 months that i can't login into my account. So without access i can't ask for help.,account_access
1041262,"@AmazonHelp I don't have access to the email I have for that account, is there anything I can do?",account_access
11020,"@AmazonHelp U pay for prime. You expect the befits of the membership. I ordered a package on the 25th, it still isn't here.",prime_membership
1095843,@AmazonHelp 32 mins later call 3 successful closed my old account so I can make a new one and wait for the refund to show up so prime might be renewed!,refund_request
1049141,"@AmazonHelp thanks for the quick response, i am currently chatting with a great customer service person online. i hope i can get a refund",refund_request
1168483,@115821 so i ordered a keyboard and i wanted to cancel it and i sent an email to him about it and now the item is not in my orders list but,cancellation_request
1003715,@115850 Team unable recharge my jio mobile number,other_unclear
1082337,Fuck sake I paid for One Day Delivery from Amazon and I’ve been sent a message from them saying it’s been delayed. Nice,delivery_delay
1113537,@AmazonHelp i didnt recive my package can i get a refund the seller is not responding,refund_request
1003655,"@115850

Order id# 4__credit_card__ was supposed to be delivered today. No sign of it yet! Delivery agent not taking call. Please assist",missing_delivered
1020107,"Still waiting nearly a month for a book about 'Waiting' @115830 to be delivered. If they didn't have any, they should've said and I'd have gone to @44933 (where I should've gone in the first place).@44934 @361379",missing_delivered
1001001,@AmazonHelp I have heard nothing over night.  Or response from logistics.  I want another one sent immediately to arrive TODAY😡 this is rediculous,other_unclear
1167758,Received the damaged product with so mny prms #home_theater . Wanna change. Need #help. #HowTo  @115850 @123644,damaged_item
1073227,"@AmazonHelp USPS through Baltimore facility. So not far from me, DC. Ridiculous such short trip winds up being delayed frequently.  Mockery of guarantee",delivery_delay
1050256,"@115821 @118706 I haven't received a delivery notification from the @115821 app. NOTHING. Nothing that would've allowed me to make some effort to have this exposed package secured. 

Crazy right. This shipping GIANT, and the damn U.S. Postal Service can't get something SO simple right?",missing_delivered
1112611,@115850 delivery sucks. #amazonprime  sucks even more. My parcel goes missing and they refuse to refund,refund_request
1157941,"@AmazonHelp No. I had to log in &amp; check the status. Listed other items as late on the splash screen too, but listed them as delivered when I clicked. ?",account_access
1167755,"@AmazonHelp Any device, an no error the episodes just don't show up",technical_support
1001112,"@115821 The app is constantly crashing with a ‘sorry, something went wrong’ message. Is there a known issue?",technical_support
1128649,@AmazonHelp I did this and they replied that I need to email them@from the email address on@the account. WHICH DOESNT EXIST! Didn’t even read my email.😔,account_access
1003598,These @117634  books are NOT by me - I'm trying to sort it out. @44047,other_unclear
1050690,No refund received for item returned on 15th April....what is the matter @115850 is GST affecting your service too much for you to handle?,refund_request
1103664,"@115850 Dear Amazon team, I placed order from your portal twice for the same product first on 29'sep then 6'oct still waiting for delivery",delivery_delay
1100619,Accidentally signed up for an amazon prime membership and didn’t realize it until I got the $50 bill in the mail so now it’s my goal to watch every single movie they offer 🙃🙃🙃🙃🙃🙃,prime_membership
1100389,"@116185 @117093 I wish I could say the same thing. Today the 64 oz. container of Darigold half and half I ordered had a puncture in the side. It spilled all over my clothes, my shoes, and my living room floor. This is the not the first time I've received damaged goods. Disappointed!",damaged_item
1057379,@AmazonHelp 2/2 pay for prime membership and still get a bad service.,prime_membership
1120395,@AmazonHelp Expected delivery date during order was 18th Oct and Now changed to 20th Oct. I have flight on 20th Oct morning so request your support.,delivery_delay
1000994,@AmazonHelp Amz US and date was yesterday by 9pm.  Spoke to logistics and waiting on response,other_unclear
1141954,@AmazonHelp Still I have replied to it. Help me or spare me from this hassle and refund my money back.,refund_request
1150911,@115850 got the items delivered. Arrived a week before ETA. nyc service. items are well packed. Didn't checked it yet. but hope it's fine,missing_delivered
1044293,@115821 I ordered a Soviet  Union hat and It got delayed,delivery_delay
1098668,@115850 I didn't got the refund even after 2 weeks of return pickup.,refund_request
1176300,@AmazonHelp @1016 To cancel that?,cancellation_request
1103599,"@AmazonHelp In the six months, every third/forth order is delayed from garaunteed delivery date. My app no longer allows me to email or call.",delivery_delay
1159264,"Is there any way of checking the delivery driver of an @115830 parcel. Driver came to door and delivered 2 parcels, said he had a 3rd in the van and would come back with it...never returned. Could someone contact us to discuss the missing package",missing_delivered
1068372,@AmazonHelp I am unable to sign into my account on iOS. Keep getting this error. Username and Password are correct.,account_access
1042287,@AmazonHelp I emailed them but the reply wasn’t legible. Broken English that made no sense and some was restricted. Frustrating.,damaged_item
1043639,"@115850 @115821 @122596 In just 10 days, there was a problem in mobile and the company is not responding or change money back",refund_request
1109499,So Amazon decided an order I placed was suspicious and locked my account. Password reset appears to work but still can't log in. Ugh.,account_access
1082348,@AmazonHelp The only email I received gave me a link on how to set a safer password.  I have not had contact with account specialists in ref to issue.,account_access
1005980,@AmazonHelp First chat u issued the replacement but didn’t say a word about how to return the defective. said amazon locker needed. ~35’ &amp; 2 agents,damaged_item
1067678,"@AmazonHelp My account's been hacked, my email changed and its been almost 24 hours since I contacted Amazon -- w no reply.  #HelloAmazon???",account_access
1113854,@115850 false claims and delayed delivery becoming a habit with you guys it seems. Repeated experiences of false claims.,delivery_delay
1126644,@117093 another order delivered with mistakes and nobody can give me answers why. Clearly not set up for a service like this yet,missing_delivered
1191683,@AmazonHelp You promptly gave me a defective piece in 4 days . What is the guarantee that I will not get a defective one whole replacing it ?,damaged_item
1002649,@AmazonHelp Okay,other_unclear
1015653,@AmazonHelp Hi my account has been locked I have faxed my info as requested but account still locked and have no way of contacting amazon,account_access
1000996,@AmazonHelp That’s what she did earlier but I’ll send again.,other_unclear
1163756,@115850 its a failed diwali for me...become worst service in one day... kindly reslove me issue... i need my money back asap @AmazonHelp,refund_request
1005136,@AmazonHelp Ok. Thank you. I appreciate the help.,other_unclear
1054793,@115830 disappointed with your customers service department. My Tuesday delivery has never arrived. Informed I can't get a refund as courier confirmed delivery to Scott at reservoir house. 1) that is not my name 2) that is not my house. It's over a mile away! Please refund me.,refund_request
1075380,"@115850 at receiving end for Amazon's fault to cancel my order for which __email__ agreed in email.Bouncing back&amp;forth bw ql, CS.WHY?",cancellation_request
1062286,"@115821 Why do I pay for prime membership to get 2 days shipping and Delivery estimate: Thursday, October 19, 2017 by 8 PM ?",prime_membership
1148708,"@AmazonHelp ""We believe the courier company has lost your item. Would you like a first class replacement or a full refund?"" No response since this Oct 5",refund_request
1125083,@AmazonHelp ‘Amazon’ customer services have told me they have to ask amazon what has happened and create an investigation. give me my money back 🙂,refund_request
1066726,@AmazonHelp Refund or replace,refund_request
1024255,@AmazonHelp Such a patetic service. Even after following up 20 times I haven’t got my product and status say its delivered. Every order there is problem,missing_delivered
1053492,@AmazonHelp @368928 same here and i didnt received any email from Account specialists or The process how to unblock,account_access
1093304,"@AmazonHelp No, .com! Asked for preorder cancel and the seller ignored right after ""SHIPPING"" an item yet tobereleased and taking money.",cancellation_request
1038850,@AmazonHelp It’s says it’s out for delivery. Then I check the UPS tracking and it’s not arriving until the 16th,delivery_delay
1006005,waiting for my page avenue vinyl to be delivered but the delivery date keeps getting pushed back :((( @115821 @44153,delivery_delay
1004613,"@AmazonHelp I'm trying to have them sent to a US locker, not a UK locker.",other_unclear
1075333,"Ordered some uni books on Saturday, get next day delivery because I'm a prime customer, books still not arrived. thanks @AmazonHelp :)))",delivery_delay
1031585,@AmazonHelp @115850  it's been one month. neither I got my earphones nor the money back. what customer service is this.? no seller contacting nor u.,refund_request
1029672,@AmazonHelp This is pathetic by #Amazon refund my money so i can buy new device. Refund today instead of delaying. Its more thn 14 days.,refund_request
113766,@6539 spent an hour trying to buy on line but your site keeps crashing!! #crapfriday @115821,technical_support
1003702,Why there is moto c plus in mobile exchange list @AmazonHelp,other_unclear
1165668,"@AmazonHelp Thank you for the information! However, my account is locked and I can't access that link. There was some issue with the payment for my orde",account_access
1105824,@AmazonHelp ...box in Haringey only a few miles away at 10:26 yesterday but I've still not received confirmation they've arrived or a code..,delivery_delay
1019617,"@AmazonHelp Yes, i have tried to contact the carrier and haven't received a response at all. I am assuming that they likely lost my package.",missing_delivered
1004523,@115830 this is not acceptable packaging for one bottle of nail varnish!!!,other_unclear
1145022,"@115850 awaiting refund for order Order: 407-9791971-0123514. more than 2 weeks since i cancelled, still money not received.",refund_request
1080689,@AmazonHelp You are not able to get me my order by tomorrow. Ur people said they are issuing refunds for both of my items as I need them by tomorrow.,missing_delivered
1168816,@AmazonHelp I spent $400 on 1 item. What they sent was broken. Now I'm responsible for paying shipping back to them?? No f*cking way!!,damaged_item
1033734,"@AmazonHelp I cancelled it within the same minute of joining it, I'm not sure if I'll be getting the refund. Where can I check on that?",refund_request
1004509,Still waiting on my phone case smh Amazon fucking up!,other_unclear
1155120,@115821 how do I get a refund for items Ive not received and after recent reviews looks like I never will? Delivery keeps getting extended,refund_request
105267,@AmazonHelp However I received this today at 10 am this morning. So as you can see I was expecting it today which made me cancel plans.,cancellation_request
1002922,What an absolute farce. Alexa 'forgot' ALL my Smarthome links so I've had to redo them. Alexa wasn't even showing as Online. 🤔 @AmazonHelp,other_unclear
1039134,@115850 ....I need to replace my order not refund. Wt shall I do? It's not asking for replacement,refund_request
1018172,@AmazonHelp @115850  after two days mic not working #worst #product replace it at the earliest better to order from @118702 @119351,damaged_item
1112103,Sos @115821 @AmazonHelp @118706 @123967 my package says delivered but it never got here,missing_delivered
1070093,@AmazonHelp It says “delivered in mailbox” for all three books.  NOT in mailbox.  Very urgent that I get these books,missing_delivered
1129395,@AmazonHelp for my order MI 4 I'm havin issue wid d phone delivered yesterday Its heating up alot I demand to return d phone n get refund,refund_request
1002633,What’s wrong Amazon? It doesn’t take 3 days from Bhiwandi to Navi Mumbai; people travel that much to-and-fro in a day!,other_unclear
1148296,@AmazonHelp Thanks. Do I have to log in via that link?,account_access
1107882,@AmazonHelp thats been done. my issue is the refund and no notification. and the appalling level of service. been on hold for over 30 minutes,refund_request
1103669,@AmazonHelp you took back ur product and u didnt refund my money.,refund_request
1003705,@AmazonHelp But it has not been delivered today and now your team is telling that after address change it take more time to deliver,other_unclear
2288930,"@AmazonHelp i have sent a fax instead of email, as email is not registerd in the account.",account_access
1055415,@AmazonHelp my order was dispatched and out for delivery and to be delivered on Friday 13th October. Still have yet to receive my order.,missing_delivered
1046587,So @115821 has been charging my mom prime for months but she never used the service or approved it.... and they don’t want to refund her now,refund_request
1043721,@AmazonHelp @115821 @115850 You said it will be delivered today but it has not delivered yet. Why do you do false promise and give wrong information,missing_delivered
1108150,"Dear @115821 if I had $1 for every time a guaranteed delivery didn't arrive on time, I could cover the cost of my #Prime membership. Thanks for messing up my #ExtraLife marathon planning.",prime_membership
1016746,"@AmazonHelp I need your help! I created an account, then I bought something, now I don't remember the email I used. Help me!",account_access
1107263,@AmazonHelp The confirmation email says 10/24 and was ordered 10/18. I want to know why my last couple orders have been delayed from 2 day to 5+day ship,delivery_delay
1098641,@115850 Now two later after expected delivery amazon don't know where is my order great amazon great now i never buy anything from you,delivery_delay
1108229,"@AmazonHelp @381550 Hello Order ID of amazon
#403-8700807-6082752

BlueDart shippment No Tracking #
69989366860 
Please add the place city also VIJAINAGAR that was not written there PIN CODE 305624 was coreectly mentioned please do that fast",delivery_delay
1168747,@Amazonhelp I’ve been waiting in ALL DAY for a prime delivery and you only JUST NOW decided this?? Less than five minutes ago it was ‘on its way’ and very nearly at my house when actually it’s in BIRMINGHAM??,delivery_delay
1128706,@115850 please give me refund or replacement the worst service ever get do something I want to cancel my order but I can't why....,cancellation_request
1059620,@115850 @AmazonHelp worst customer care service which is not able to solve problems of customer instead focus on order cancellation,cancellation_request
1161591,"@AmazonHelp But it's an item I needed today or tomorrow at latest. When I ordered it, it said it would arrive today. Should I just cancel it?",cancellation_request
108208,"@115850 what's wrong with you guys, it's been 4days &amp; product was not dispatched yet &amp; the expected delivery date is 24-27 Nov, how funny it is?",delivery_delay
1133522,@AmazonHelp I already tried and Ankush from your call deptt treated me like hell and he denied to help me out and you guys sent me 2 defective items,damaged_item
1002657,amazonのマーケットプレイスで頼んだものと別のがきた。。。,other_unclear
1014703,@118919 courier person of amazon is misbehaving intimidating me behaving like gunda of the town warn me and say he will cancel it,cancellation_request
1143168,"@115851 @115850 Returned given to ur courier, have hand written receipt but u are denying return, still no refund after long struggle.",refund_request
1144979,"@AmazonHelp When a package is damaged en route &amp; returned to you before even reaching me, drop a line to the customer, will ya? #Communicate",damaged_item
108261,"@AmazonHelp I ordered a product on Sunday evening with one day delivery from amazon prime and it’s still not arrived, can you help?",delivery_delay
1002569,"@AmazonHelp Sent DM of the agents number, call him and check where the package is.. else refund my extra amount!",other_unclear
1094282,@hulu_support @115821 There seems to be no way to cancel a Hulu subscription subscribed from a fire stick. Your websites point to each other,cancellation_request
1135982,"@115850 
Why the hell is my return not being picked back...
Are u so lazy?
Always delayed...
Why so late?
Today is TUE. and still no rly",delivery_delay
1001082,Help @AmazonHelp ! I tried to sign up for a Prime trial but I think it's automatically charged for the year!!,prime_membership
1150858,"@115850 really surprising I didn't get my product till now but status has been updated packet delivered.
Order Id: 406-9566391-8054709",missing_delivered
1050701,"@115850 I have not received Order Id: 403-4841873-5967550 
Still I got the SMS &amp; email stating I received it. #AmazonGreatIndianFestival",missing_delivered
1042291,@AmazonHelp I have emailed them to cancel my order. I’m really disappointed with this and will not be using marketplace again. Not reliable at all,cancellation_request
1030294,"@115850 didn't receive cashback for Order ID: #402-2114609-1385952, 
Please check @AmazonHelp",missing_delivered
1043557,@AmazonHelp We use Advantage for business but the website keeps crashing loading is very slow and pages jump around. Why is this happening?,technical_support
1004640,Got my son's christmas shopping finished @115821 #lessismore,other_unclear
1124955,@AmazonHelp Just got off the phone again. I had to fight to get a refund on a prime delivery that was supposed to be here on the 17th. Like cmon Amazon.,refund_request
1003706,@AmazonHelp Nobody from your support team gives right information.yesterday your team changed my address and told me that it will be delivered today,other_unclear
111947,"Dear @116090 - delivered 4 days late, delivery person parked/blocked the street unecessarily, walked across my garden to finally throw the package on my door step. Is this your new delivery model? #unprofessional",delivery_delay
1093310,@AmazonHelp A fixed policy. I asked for cancellation and the seller refused taking money and shipping WHAT CANNOT BE SHIPPED COS IT HASNT BEEN RELEASED,cancellation_request
1173037,Hate to be this person but a vendor on @115821 - @49876 sent damaged goods &amp; won’t take it back/return $ #buyelsewhere #crooks,damaged_item
107251,"@AmazonHelp I called the number you gave me Monday, they put my claim through and said I would have an email in 24 hours, it is now well past that and I’ve had no contact since. To clarify, my house is still damaged, I still have half a letter box and amazon haven’t done anything",damaged_item
1007014,@AmazonHelp Amazon Refund my Curior charge for a 1KG item 100.let me know which Curior brought 1Kg item in 100rs?.,refund_request
1003631,#DiwaliKiTayyari with exclusive deals just for you. Send us the screenshot of the deal that made your day. #AmazonGreatIndianFestival,other_unclear
1002896,"@AmazonHelp Have sent an e-mail, so will await response, but feel disappointed as it seemed resolved yesterday...",other_unclear
1029666,@115850 My friends are still getting their delivery in the same areas and only my product is delayed,delivery_delay
1002562,@115850 Had to cancel an important order after waiting for 6 days because of amazon.. moreover the delivery guy challenged me to make him deliver...,other_unclear
102923,"@115850 ordered a @5903  momentum 2 iebt earphone from Amazon. Came in a horrible condition. The box was damaged, the box inside the hard case was damaged. Wtf? Want to return it right now! Don't want replacement. Ordering it directly from the Sennheiser site.",damaged_item
1045014,@AmazonHelp Hi I have not received my package but got an SMS that it is delivered can you check on this.? ORDER # 407-1059243-5547528,missing_delivered
1037164,"@AmazonHelp The only advise I kept getting is ""We can't do anything, please wait for your order""...I've already spent entire day yesterday for GUARANTEED delivery and I CAN'T waste another day waiting for order that might or might not arrive!!!",delivery_delay
1135144,@115850 I am completely disappointed by your service!! Had ordered a sofa on 24th Sep and still not received it. Its been delayed by 10day,delivery_delay
1129371,@AmazonHelp Still waiting 4 ur reply 2 my email. U can't provide a quality service. Selling defective piece during festivals instead of genuine mobiles,damaged_item
1125337,@AmazonHelp Said they tried to del tues &amp; would redeliver Wed but they didn't even try. Have now arranged refund and dumped Prime. Service is crap,refund_request
1004520,@115821 i have tried filing an A-Z claim and it doesn’t give me the option and i have contacted the seller twice and have not gotten a response. I would like these refunded. They never arrived. Thank you.,delivery_delay
1127256,"@AmazonHelp I was offered a replacement and it got damaged in transit or Hermes couldn’t find my address, your customer service can’t seem to agree.",damaged_item
1148271,"@AmazonHelp Indeed it is.  @2150.  I am a Miami area customer.  If USPS used, np.  Anything from @2150 is lost or delayed.",delivery_delay
1081743,@115850  still Issue with you amazon delivery became to late more than two days am ordering product for me not for your hub,delivery_delay
1004558,I just love Prime Now. Ordered my groceries at midday today and they’re delivered by evening.…,other_unclear
1095892,"@AmazonHelp If the Amazon website let me sign up for Prime with a card that has no money on it, will the membership be cancelled if 1/2",prime_membership
1001026,@115850  allows customers to give feedback on all sellers  EXCEPT their defrauding subsidiary @40827 . Customers #beware.,other_unclear
1089221,"@115850 account hacked , my email account linked with amazon changed without authorisation. Need immediate help.",account_access
1005099,@AmazonHelp how do i find a particular seller on Amazon? I just got gifted a gift by someone after I complained and i would like to thx them,other_unclear
115851,@AmazonHelp AHHHH IM FRRAKING OUT I CLICK EVERY EMAIL THAT SAYS AMAZON! IVE CHANGED MY PASSWORD BUT 😭,account_access
1128030,"@AmazonHelp U have denied the refund , else consumer court is only option left for me. Why u r not providing ur address for legal proceeding",refund_request
1003635,@115850 Worst company to place any orders...Last 6 oders placed were all incorrect sizes. Complete waste of time shopping on Aamzon.in....😠😠,other_unclear
107228,@AmazonHelp I should be getting a refund and credit for this. Instead I now how to completely reorder my item (which I’ve already waited a week for off of Amazon Prime Shipping) wait for money to be put back in my account and then wait even longer for my stuff to come just to pay again.,refund_request
1005059,@AmazonHelp you have a DM,other_unclear
1031580,@AmazonHelp @115850 I expect u to call me. I hope my no. is available. this is the 5th time I m trying to get my money back.,refund_request
1149660,@AmazonHelp your driver TBA504880859000. Please refund my money or give me my item.,refund_request
1003704,@AmazonHelp Then i should change my mind for buying a new mobile isn't it?,other_unclear
1114416,@115821 is so stupid for their new delivery system. So livid I didn’t get my package tonight bc some random couldn’t find my apartment.,missing_delivered
1041671,@AmazonHelp sure thing. Have a look at order # 111-3441216-6599448 that was supposed to be delivered today but to no surprise will not be.,missing_delivered
1005969,"@115821 @AmazonHelp u r terrible, 2 defective items in an order. U can only replace one. Amazon representatives very impolite,makes fun o me",damaged_item
1043727,@115821 @115850 My order was supposed to be delivered on Saturday but it is Monday today and it is not delivered.,missing_delivered
1175624,@AmazonHelp Yes I did. No confirmation of a refund for over £50 of goods not delivered. Feeling ripped off!!!,refund_request
1117970,"@115850 bought an item yesterday, had it returned and got refund today. Amazing service. Keep it up :)",refund_request
1053570,@368940 @115850 @45925 Don't buy from Amazon MVL! Let's cancel the Amazon gift card worth Rs 10000 too shall we???,cancellation_request
1024258,@AmazonHelp I need refund for my prime membership amount.,prime_membership
1724909,"@AmazonHelp Yes, you missed the mark. 2-day Prime shipping took 4 days.
My package was finally delivered 2 days late and left in the rain on my porch.
I wouldn't be so annoyed if I wasn't a Prime member and told constantly when my packages will be here - and then they're not.",missing_delivered
1140936,"Hey @115850 @AmazonHelp 
I need some help on an order that I placed on 17-10-2017
I received a defective piece 
Please contact asap",damaged_item
1001098,@115821 you seriously won’t refund me? See this text I received,refund_request
1108748,"@AmazonHelp My last package went missing while you people marked final status as ""Delivered"" It was a clear fraud and has happened with many known ones.",missing_delivered
1151151,@AmazonHelp Could you please explain me the procedure to cancel the order...I don't want any more false promises n bullshit ...,cancellation_request
1137362,@AmazonHelp Same response that we are looking into the issue. Are you going to give my money back or not?,refund_request
1146594,"@AmazonHelp trying to purchase JioCinema app on Amazon fire stick, getting below error. Can u help?",technical_support
105149,"@AmazonHelp We tried to issue for a refund, and return the part but both the seller and Amazon are not helping because it is outside of 30 days return.",refund_request
1136561,"@AmazonHelp @115850 
Expect delivery time was 16th Oct, still waiting for delivery after 10 days...after two assurances. 
#WorstService",delivery_delay
1108755,@115850 @228164 is the product sennheiser cx 180 earphones returnable with refund? Please help ASAP #amazon #help #Sennheiser,refund_request
1003667,"@AmazonHelp This book image and book title do not match, and I did not know how to report the error on the page.",other_unclear
1030318,@115833 Hi i need help trying to login in to the app with a new password but it wont work now,account_access
1096661,@AmazonHelp @115850 @115821 So Amazon india has cheated me and now not providing me the refund. Bloody idiots @123288,refund_request
1020076,@115830 don't lie to me when im sat in my living room waiting for my parcel. Noone has attempted to deliver this. #Parcel #Amazon,delivery_delay
1127974,@AmazonHelp I paid for next day delivery on Sunday didn't receive my parcel which is a gift but I got this message pardon????????,missing_delivered
1694509,@115821 Simple thing I have paid 1700 for the cover. Received a damaged one 6 days ago. Till now I have not got any replacement.,damaged_item
1133064,@115850 No one knows where my order is and tracking details are not there. It's been 1hr,delivery_delay
1131209,@115830 my subscribe and save parcel was due on 13th Oct but hasn't arrived. No website help available. Can you help?,delivery_delay
1003637,"@AmazonHelp Pixel with Amazon app, windows 10 pc with Google chrome browser, different windows 10 pc with MS edge browser",other_unclear
1125338,"Where's my deliveries Amazon, I'm cancelling my Prime as you keep letting me down😡 And you keep lying telling me u attempted when u didn't 😡",cancellation_request
1121327,@AmazonHelp customers to whom you have shipped defective products?,damaged_item
1028991,@AmazonHelp it says it was delivered but it never came. I was charged for it a second time. I just want my money back and I want to cancel the order.,cancellation_request
1109457,"Ur Amazon team till now they didn't refund my payment after 20 days also @115850  do solve my issue
✉ __email__
📱7667342264",refund_request
1037167,"@AmazonHelp Yes you have...it was GUARANTEED for yesterday that didn't happen...customer services said first that it will be DEFINITELY by 9pm yesterday (didn't happen), than ASSURED that will be prioritised 1st thing this morning (didn't happen), than was told it is delayed till Monday 😡",delivery_delay
1003599,@263195 @AmazonHelp Just checked &amp; they’re not on your Author page so Author Central no good. Better to use the report button on product page. Good luck!,other_unclear
101767,@AmazonHelp The issue is that it says that the package was delivered and left on my doorstep but they didn't knock on the door or anything like that so I never received the 2nd part of my package.,missing_delivered
1135935,"This is taking way too long to arrive, @AmazonHelp. I’m unable to cancel this order, too ... how do I cancel this?",cancellation_request
1004601,@AmazonHelp Yes and this is my 4th time trying 😣,other_unclear
1005076,@AmazonHelp @115850 @115851 You are failing miserably to deliver products on time to prime user. My both orders failed to dlvr.,other_unclear
1004576,@115821 Really need your delivery drivers to AT LEAST knock on the door when dropping off packages. 😒,other_unclear
1018174,@AmazonHelp @115850 @118702 @119351 Not got any mail from your side please refund the  money or replace the product #worst #product #fraud #amazon @115850,refund_request
1041740,Hey @115821 thanks for locking my account. Now I can't login to get customer service to unlock my account. #fail,account_access
1004538,@AmazonHelp Application a jour et telephone aussi …,other_unclear
1082907,"@118919 we rec'd the broken dry iron on today, pls arrange for better solution.",damaged_item
1024262,@AmazonHelp 4th order still it is marked as delivered and I haven’t got the product. Its been 15 days I ordered and status was changed delivered as per,missing_delivered
1000195,Looks like it’s time to invest in Best Buy’s Gamers Club. @115821 messed up my preorder for a game I was really excited about this year,other_unclear
1103611,"@AmazonHelp well not like the original one was delivered at all, prime or not",missing_delivered
1016396,"@AmazonHelp To be honest I’m tired of having to keep messaging you on the chat, my refund is being processed but you are wanting me to send it back",refund_request
101809,@AmazonHelp Ordered on Tuesday evening for guaranteed Thursday delivery. Now delayed until 4 Dec at latest apparently.,delivery_delay
1038151,"Confused on how my @115821 same day order goes from out for delivery to delayed, let us know if your don’t get it by Wednesday. #amazonfail",delivery_delay
1038902,@AmazonHelp Been expecting a package to be delivered today and it’s not showed up. Can you help????,missing_delivered
1005964,@AmazonHelp hi i tried to change my login twice and now I can not log in at all. what can I do? I have no access to my account.,account_access
1075339,@AmazonHelp It seems u guys out of replacement remotes. Customer support asking me to buy from Amazon and later they will refund the money. Seriously...,refund_request
1031591,"@115850 @115821 nothing yet!are you going to refund my money? don't send me a link...refund by EOD, I am going to write this to Mr. Thota",refund_request
11060,@AmazonHelp still have not received my package I paid extra for guaranteed next day. Won't do that again,missing_delivered
1005065,@AmazonHelp Thank u. I have read how 2 con-customers cheated Amazon of 50+70 lakhs by fraud claims of receiving empty boxes. Hope my suggestion helps.,other_unclear
1133013,"@AmazonHelp ""Shipment details
No tracking details. We're preparing your order. Carrier information will be updated soon.""",delivery_delay
1095187,@AmazonHelp I just want my money back from my amazon pay account. Dont dare to give you another chance to make my planning spoiled. Pls pay my money.,refund_request
115905,"@AmazonHelp The latest tracking info proves the delivery company failed to deliver on the stated date and the lied about attempting delivery today, probably due to running late. Parcel was required urgently and now 2 days late! What info do you require? The tracking id?",delivery_delay
1001010,So @115850 prime lists/sells at higher than MRP. Caught. Now bribing me wth Rs.100 voucher. Save that for lawyer fees I'd say. @AmazonHelp,other_unclear
1082364,@AmazonHelp I am going to cancel it now. No point in paying for 1 day shipping if your not going to get it.,cancellation_request
1003649,@AmazonHelp 夜中に外のポストを改めて確認、家族にも確認済の上で怒ってます。我が家のドアホンは押されたら、押された日時と動画が録画される仕組みですが本日再配達の人が来た形跡はございません。,other_unclear
1005098,@AmazonHelp Hey sorry but the link didn't work for me,other_unclear
1021516,@AmazonHelp I want to return some extra money 💰 which was transferred into my account by mistake. Please write back so that I can share details. Diwali 🌋 Gift 🎁 from me. Khusiyoo ki Diwali,refund_request
1126689,@AmazonHelp CS agent told that he will initiate a return but till date no one came to pickup. Kindly initiate the refund &amp; allow me to buy other prodt,refund_request
105288,"@AmazonHelp I have tried to call customer service and the person did not have a clue what to do. I wish for the parcel to be redelivered, all that they wished to do was a refund or replacement. This is rubbish service. #rubbish #nocustomerservice.",refund_request
1043588,@AmazonHelp @115850 Hi Team I have  raised refund request 1 Month back... Still no update on since product has been returned last month.,refund_request
1052367,@AmazonHelp I want to cancel my prime but the webpage won’t load properly,cancellation_request
1016722,"@115830 @AmazonHelp I've received the confirmation for my refund, but it's been more than 1w that I'm waiting for the money in my account.",refund_request
103028,"@AmazonHelp I already did that. It says one day and when I bought it with 1 day, it gave it 12/4. If I look at the item now, it says 2days gets it to me 12/2?! - I work in logistics. I understand shipping and this is frustrating. May cancel my order.",cancellation_request
115917,"After waiting for hours on the day of delivery, finally received my product at the end of the day!   
Thank you @115850 
#OnePlus5T is super awesome and first OnePlus for me! 
Thank you @132995  @132994",delivery_delay
114343,"@115830 is this meant to be a joke?? I ordered a calculator for SAME DAY delivery, and not only did it arrive a day late, you give me glue",delivery_delay
107240,Me when @115821 says my delivery will be here by 8 PM tonight and one item has delivered while the other two haven't even shipped yet.,missing_delivered
1172185,"@115850 @AmazonHelp @115821   - 3 consecutive defective order delivery.1st sanitizer, 2nd tab 3rd aquarium . Why I bother with you ?",damaged_item
1008480,@AmazonHelp Its not delayed delivery but fradulent delivery and forgery of my signature,delivery_delay
105047,Good to know that paying for Amazon Prime doesn’t mean shit when paying $200. It’s been a week since I ordered and no one can tell me where my package is. Maybe they should stop using UPS because I’ve never not had problems with them. #amazonprime #whataloadofshit,delivery_delay
108072,@AmazonHelp Do you realise how unhelpful that response is? What do you suggest I do? Stay at work until 8pm? Change delivery to my home address and hope it’s delivered in the evening? Or just not shop with you? I’m all ears.,missing_delivered
1014822,@AmazonHelp waited in for my amazon prime order all day and hasn't arrived yet? It says it would be delivered by 6pm. Help.,delivery_delay
1271617,@AmazonHelp I have don’t worry. It was delivered by ‘Amazon shipping’. If the next one is delivered like that I’ll be cancelling my prime membership,prime_membership
1131251,"@115850 
Order no.408-3885449-3453920
Expected date of arrival 20 oct. 
Till date no show. . 
This is your service amazon?",delivery_delay
1063052,@171152 late delivery se pareshani aur return me double pareshani...,delivery_delay
1002501,You know what's really annoying? Ordering something from @115821 with Amazon Prime and not getting it when you're suppose to,other_unclear
1002660,"@119625 guys the app stops recognizing the SD card once you format it as an internal memory. Gives ""disk full"" error. Please fix it.",technical_support
102608,"Dear @115830 I’m not very happy that a lap top I ordered from you costing over £500 was left in my unlocked porch!  Box is all bashed in as well-also ordered it on prime, took 4 days to arrive #shoddyservice",delivery_delay
1002550,"@115850 
additional discount on debit cad not given in grand sale",other_unclear
1143441,"@AmazonHelp ??? I’m not advising anything.. I want to return my item for refund, not waste more of my time waiting on their opinion of the picture",refund_request
1113155,Thanks #AmazonIndia @115850 for processing the refund!! I would appreciate if you ensure right product is delivered.,refund_request
1007757,How long do I have to stay at home waiting for this package?  #london @115830 @AmazonHelp,delivery_delay
1001066,@AmazonHelp order 407-6230086-7878746 counterfeit product. Blacklist vendor.,other_unclear
1111368,"Damaged mobile at exchange, I don't think your @115850 is capable. #robbedbyamazonindia  #absolutelydisgusted #amazonindia #scammers",damaged_item
1057953,"After 7 years, i am finally canceling my @115821 Prime Membership. Recent delivery issues and poor packaging have made it more of a hassle than a convenience.",prime_membership
1150855,@115850 it's been more than a month that I returned my order and I'm unable to get my refund.,refund_request
1073314,@AmazonHelp having huge issues with repeated fraud on my account and need to cancel my account ASAP. Please help,cancellation_request
1155159,@AmazonHelp Refund issued on oct 2nd. Still not credited in my account,refund_request
1120043,"@115850 -first damaged product received. Order id 171-8956037-3847567, the product is not being picked up despite repeated requests",damaged_item
1043572,"Unknown charges has been deducted for @115850 prime membership, that too without my consent",prime_membership
1006043,"@AmazonHelp I was given kiwi fruit instead of whipping cream and cheese.  I've already requested a refund for those 2 items, it's all good 😍",refund_request
102607,"@AmazonHelp I’m hoping it’s not damaged-it’s a laptop, I won’t find out until Christmas Day as it’s a gift 🎁 how should I go about perhaps you making a note on my account, about possible damage, I have taken photos of the outer box",damaged_item
107323,@115821 I encourage you to take a look at my account and my recent experience with your company and explain to me why I’ve yet to find any resolution - email is - __email__,account_access
109876,@AmazonHelp before sending checked with live chat I'd get a full refund. They said yes. I returned. Now you're saying the credits lost,refund_request
1001100,"King Of The Jungle..
Or at least the backyard..Remy is feeling proud in his #Halloween costume @357002 got for him! 
Thanks @115821 !
🦁",other_unclear
1143141,Me: trying to get the money that amazon stole from me back,refund_request
1002892,@115821 @115850 In-spite of being a prime number why do I need to pay for delivery in Pune for this item?,other_unclear
101696,"Hey @115850... Hadn't expected you to CHEAT a customer like this. Paid Rs.4.7k+ for whey protein on 13th, was given coconut shells instead. Complained twice. Was promised delivery of whey protein btwn 22-27 Nov...Now that order doesn't appear on my orders page anymore...",delivery_delay
1048806,"@AmazonHelp I cannot sign in only
How wil i go further",account_access
1041792,"@115821 @AmazonHelp Lately Ive had multiple Prime orders overdue. Latest order: Placed Saturday, hasn't shipped today. Whats up?",delivery_delay
1032340,@115821 @AmazonHelp over 100 hours with customer service. Promised a SMALL chunk of my money back multiple times. Never got it. Seriously?!?,refund_request
1470362,"@115850 @AmazonHelp @115851 If you don't bother to reply as you don't care to deliver the product, atleast refund the amount.

- Hopeless customer",refund_request
1120367,"@AmazonHelp Order date
13-Oct-2017
Order #
402-5631096-1564331 expected delivery was 14 by prime policy.",delivery_delay
1002204,@AmazonHelp @115850  sent a replacement SATA IDE a month after order delivered disguised as new order Now Bludart not picking up the pkg,missing_delivered
1044194,@AmazonHelp @366906 Hi I ordered one item but have been sent two of the exact same and charged twice. Pls advise how to fix,refund_request
1099840,"@AmazonHelp Already did it 4 days back. Contacted courier also, was promised to get delivered in 48 hrs, but yet to receive the same.",missing_delivered
1108267,"Product I bought off @115821 @115830 has now broken, how on earth do I speak to anyone who can help me get a replacement?! Been going round in circles on the website for about an hour...! ANNOYING",damaged_item
1430377,@AmazonHelp Do I get a refund,refund_request
1004580,@AmazonHelp Introdução à Química Orgânica,other_unclear
1117018,"@AmazonHelp you have given me vague details on where my parcel was left, please can you help urgently?",delivery_delay
1035086,@AmazonHelp Danke! Wer nimmt denn solche Verknüpfungen überhaupt vor? Ihr als Händler oder die Rechteinhaber per Firmen-Login?,account_access
1048147,"@115821 
I.am unable to log in since a month
Plz help",account_access
1052138,@AmazonHelp Do you know  why my carriers delayed,delivery_delay
1148717,"@AmazonHelp Yes it works on the app and a dif browser, thanks. It is not working in Chrome.",technical_support
1006055,@AmazonHelp No all been checked. My 4 yr old has been sat in the hall waiting all day and has now gone to bed distraught his special parcel is not here,delivery_delay
1068376,"@AmazonHelp All sorted, thank you. A refund has been issued.",refund_request
1069959,"@115850 
Surprised to see no answer from Amazon and courier! Still waiting for delivery:)",delivery_delay
1123370,@AmazonHelp @115850 where is my order ..Very slow delivery service.. disappointed.. Product not delivering on promising date. 230148626392,delivery_delay
1173873,"@AmazonHelp Please cancel my Order# 402-2908878-9776322
It's not yet shipped by Seller..have also placed a cancellation request with Seller",cancellation_request
101206,"@AmazonHelp I'm honestly not sure. I wasn't necessarily expecting it the same day, but I did think it would arrive the same week, or at the very least the same month!",delivery_delay
1125028,So @115830 is falsely advertising #Prime Membership sold as one day delivery but many things shown as prime are not - example pictures. #TradingStandards #Fail #CustomerService please share and RT to make people aware,prime_membership
1127958,@AmazonHelp Hi there... It's embarrassing that I filed a return 17th due to defective product.. However I am still waiting...,damaged_item
1021048,@115850 ur #onlinedelivery guys r #shameless &amp; #cheaters #liers waiting for a delivery for a week and they still don't #deliver #shameful,delivery_delay
1083877,"@AmazonHelp I want same product with same price.
If it got damaged before reaching to me why I pay more for that.
First u say I cancelled and now damage",damaged_item
1001049,@AmazonHelp What happened ? U r nt to able ans my que nw ? Why u use such a pathetic app which doesn't diagnose phn properly ? What u hb to say abt it,other_unclear
1050400,"@AmazonHelp App and yes, I’m worried that if I leave it any longer, I won’t be able to cancel.",cancellation_request
1143405,@115830 so! You took money from account for no reason! Your customer service can’t help and now I’m on hold! Great service award to you!,account_access
1117057,@AmazonHelp even if i paid more for the expected delivery date. its totaly wasted,delivery_delay
108192,@115821 Amazon Logistics is a nightmare! They completely ignore shipping instructions and never deliver on time.  And... I've been waiting a week for a package with 2 day guaranteed delivery,delivery_delay
1102984,@115821 people can buy products from Amazon but getting refund from Amazon is in the hand of god.,refund_request
1078217,"@AmazonHelp On one of the items yes, the rest haven't been ""delayed"" yet.",delivery_delay
1033091,"@AmazonHelp All I need is a day and time as I've wasted so much waiting that it's ridiculous. 
What has been the problem with the delivery anyway?",delivery_delay
1118601,"@AmazonHelp Calling cutomer care, misinforms me that its technical error. Later I get a mail due to previous mistakes,its disabled.Amazons fault not my",technical_support
1050442,@115850 i ordered (  A&amp;E picnic travel accessories decorative Cane Basket multipurpose fruits vegetables) form Amazon the delivery date 18-Nov-17 .But still it not delivery . and the amount is not refunded it's already 7 day  late. my account ( __email__,delivery_delay
113755,@115821 I have the app but don’t have amazon prime membership????,prime_membership
1127124,@AmazonHelp There is no point since no update is given to me regarding product. If it's damaged please let me know. I'm already emailing since few days,damaged_item
1120430,@115821 if you can't deliver packages on time thn why to shop from you guyz ?? Its not refund but its all about occasion..you ruined it,refund_request
1047932,When you receive your package from @115821 and you open it and it is broken. I sent an email. But I need a new one by next Saturday. 😭🙄😒,damaged_item
1106529,"@AmazonHelp no carrier in particular, orders just take too long to ship... just placed an order yesterday and the eta has already been delayed to 10/26.",delivery_delay
1151080,"@115821 Items ordered Fri paid extra 2 get Sat (needed 2day) delayed, now MAY get here W. Want shipping $ back. How submit? Site n helpful.",delivery_delay
1035981,"I hate it when @115821 claims my package has been delivered, but it's not here!",missing_delivered
1005979,"@AmazonHelp Two chats today, 9 agents, around 1.5 hours, to replace a defective kindle. What is worse is that I have chatted w/u 2x before, same topic",damaged_item
1084374,@AmazonHelp My account is locked,account_access
1071102,Product still not delivered. saying item marked as rejected I haven't rejected any item..@115850 may i know the reason of rejection?,missing_delivered
1086787,"@AmazonHelp please help, I signed up for twitch prime, now I want to cancel the free trail but it won’t let me as there is no option to",cancellation_request
1046568,.@AmazonHelp how about asking your delivery drivers to slow down and stop at #stopsigns in our neighborhood.,delivery_delay
1041724,@AmazonHelp since amzl could NOT fulfil the delivery I had to cancel the order and will just pick up a computer at Best Buy. Very very disappointed,cancellation_request
1005066,@115850 @118702 Tell customer to open order in front of ur delivery boy. Let him verify. This will ensure zero fraud claims by conmen.,other_unclear
1062283,"@115821 @AmazonHelp Case 4359954811.It's been over 6 weeks,no reply. You said 48 hours. Give my money back.We need it to get thru #NunsFire",refund_request
1000123,"@115830 I just inadvertently bought a Kindle book on my account when I wanted to buy it as a gift, anyway I can change this?",other_unclear
1129905,@115821 my 2 year old has been on the fire stick and purchased Wonder Woman! Is there anything I can do to cancel it??,cancellation_request
1172203,@AmazonHelp hi I pre ordered @146898 book to be delivered on 18/10 but it's not here! Any ideas? No tracking available!,missing_delivered
1050305,Where the hell did my package go @115821 NOT HAPPY,delivery_delay
1100561,"Really, @115821? That was a DVD that your idiot delivery person stuck under our heavy door. No idea if it's damaged or not. It's a Christmas gift for my 3 year old niece, so I can't open it. I don't want her to open it and find a broken movie! 😠",damaged_item
1028985,"@AmazonHelp Not given, app says “tracking information not available.” LOL. What’s worse: seller is wholly-owned subsidiary of @115821: @67881",delivery_delay
1002905,@115850 teach ur exe (shiny)some manners to talk. My order is not delivered and she is showing her anger and attitude. Rude and horrible.,other_unclear
1168482,@115821 i requested a cancellation of the order and its not in my orders list but i dont have the money @115821,cancellation_request
109914,"@AmazonHelp I cannot understand why your staff would think that they are helping me by cancelling my order repeatedly and charging me for the delivery and order multiple times, and behaving like I should be thankful for being robbed! You have my TV, you could deliver it tomorrow but no.",cancellation_request
1003626,@115850 he only knows to.put his nose in the conversation..doesn't have a quality to listen to.customer.,other_unclear
10321,"@AmazonHelp I have a package that is showing as delivered last Friday, however it has not been and there is no note. Thanks",missing_delivered
1002195,"So how come I can't watch @43926 on my phone, using my Amazon information, as ive got a subscription thru Amazon?@AmazonHelp",other_unclear
1001064,Hola @116928. ¿Cómo hablo con un responsable o encargado de un pedido de Prime? Por telefono es la tercera vez que cuelgan...,other_unclear
1000118,@AmazonHelp It's all good now 😊 I chatted in &amp; it turns out the tracking shows it was never delivered. Your rep = v helpful &amp; replacement is on its way,other_unclear
1115772,@AmazonHelp @117157 I refund reference no @117157,refund_request
1080348,"@115850 Your fraud systm is very gud,refund my money in bank ac, registered mobile no is 7758967241.hope i erased Amazon word frm my life.",refund_request
1061357,@AmazonHelp I did and they provided an incomplete solution. Asked me to order again and gave partial refund. P,refund_request
1124974,"Not happy with @115830 @AmazonHelp atm! When you are a prime member your stuff should be delivered in one day not in 4 days! then call to talk to them and face a load of people laughing, shouting and swearing in the background. Totally unprofessional - waste of £79 per year!",missing_delivered
114431,@115830 can anyone guess where my parcel is?! Parcels lived house ?! 😂🙈,delivery_delay
1001005,@AmazonHelp I preordered amazon echo but want to go for amazon plus now. Anyway to reach out to seller? I want another invitation.,other_unclear
1173045,@AmazonHelp Where is my order please? Bought it with Prime delivery 3 days ago. Due 2 days ago. Still isn’t here. Item was needed yesterday.,delivery_delay
1034747,"@AmazonHelp Still haven't received my order. Your customer care can just do a better job by saying, Flipkart instead of bs.",missing_delivered
1127988,When you forgot to cancel your Amazon Prime membership after the trial 🤦🏻‍♀️🤦🏻‍♀️🤦🏻‍♀️,prime_membership
1058855,"@AmazonHelp Delayed your action required
Courier was unable to contact you to arrange delivery. Please contact Amazon.in for next step Expected 22 Oct",delivery_delay
1004617,@AmazonHelp I have instigated a chat as the only option it gave was to call a US number!,other_unclear
1035112,"@115850 @115823 Now waiting since October 2, 2017 for a refund! Wanted a god damn chimney for my kitchen before #Diwali2017 and you ruined evrythng.",refund_request
1151762,I ain’t finna play with no fuckin Amazon I’m out here waiting on my package where yaw fuck niggas at @115821,delivery_delay
1138336,@AmazonHelp Currently locked out of my Amazon account because someone changed my email. Amazon gave me no advanced notice...,account_access
1104397,@115850 I left you a DM.. reply ASAP.. I can’t send an email since my account is only link to a mobile number,account_access
1024205,@115821 delayed deliveries are now common. What has changed?,delivery_delay
1042221,"@AmazonHelp If processed. But it wasn't. You people delayed intensionally. I don't care, I want compensation for the trouble you people caused me.",delivery_delay
1019484,@115821 is it too late to cancel my wsu license plate holder I ordered yesterday morning? Says it hasn't shipped yet...,cancellation_request
1001034,Desperate to go out but waiting in for a delivery from @115830 as I can’t track my order &amp; time my outing accordingly. Poor.,delivery_delay
1104405,@1384 card was swiped twice for 1 transaction.chasing delivery team since last 13 days for refund.cs not,refund_request
1157269,@AmazonHelp The link brings me to my amazon sign in,account_access
1001056,"@AmazonHelp U r gvng rplcmnt n tkng my phn Mon n replacement device will b given 2 me by 29Nov ! Dis is d sheer example of bad cust service, luk into it",other_unclear
1005987,"@AmazonHelp 12:58 PM PDT Jenny: Sure, I will just make an exception so you no longer need to return the defective device. Is there anything else?",damaged_item
1005978,"@AmazonHelp This year I have had several problems with u: late orders, duplicated &amp; defective items, one defective I didn’t recognize...a fan of amazon?",damaged_item
1084368,"@115850 Having trouble with refund for a product. Called cust. care many times, they're not solving my prob. Care to look into d matter??",refund_request
105229,"@AmazonHelp I would be calling them, but will be getting the refund of the courier charges.. ?? Most importantly I don't wish to go for the courier services myself. My own sister had faced the issue where the local courier office had vanished the product once, had to be given to Myntra.",refund_request
108132,@AmazonHelp But I thought Prime membership meant next day?,prime_membership
1001961,"@AmazonHelp #AmazonIndia #WorstCustomerCare #Pathetic
Worst experience, this is what you call prime delivery?",other_unclear
1103642,@AmazonHelp Typically when I pay for 2 day delivery I expect it to be delivered on time. I’ve been waiting for the delivery all day and didn’t even receive an email or notification that it was delayed.,delivery_delay
1001072,"@AmazonHelp No error message just doesn't show in any download, either to Amazon Music player or PC. 3 albums show up in both but the 1 single track purchased does not",other_unclear
1002573,@357315 @115850 Usually shows carrier.,other_unclear
103104,@115850 Where's  my order 402-8625008-9117137,delivery_delay
1037165,"@115830 this is just great...day 2 waiting for GUARANTEED next day deliver and still nothing...6 calls later and still all I get ""WE CAN'T DO ANYTHING"" what kind of customer service is that. Keep being ASSURED that my order is priority but it clearly isn't!!! 😡",delivery_delay
1003648,@AmazonHelp 因みに昨日、不在票が入っていたので住所間違いの可能性もありません。,other_unclear
1035132,@115850 I have a brand new Samsung refrigerator waiting to be installed. 405-2344255-8252311 is my order number. 2 days and counting.,delivery_delay
1018086,@AmazonHelp Email from Daniel M. - he wud call me 2day @ 3 PM to discuss.  No call.  Another broken promise. What gives @115851?,damaged_item
1137253,@115850 Guys i m tired now... With you cancelling my orders for. No reason,cancellation_request
1037142,@AmazonHelp think you should change the TV ads that show things arriving the next day with Prime. Or refund 10% per day over next day.,refund_request
1004604,Been trying to get information about my  @115821 account for a whole year now and still feel like I’m talking to a wall everytime I call.,other_unclear
1103682,@AmazonHelp I can’t my account is on hold hello?,account_access
1136583,@AmazonHelp I had purchased a BPL TV on 17.10.17 vide order id 404 9362662 5480344 bt it was arrived DOA and the screen badly damaged. Placed for return,damaged_item
1083827,@AmazonHelp Yes i got a refund but doesn't leave much trust in future purchases with Amazon,refund_request
1131270,@AmazonHelp Then instead of overnighting it they just said once shipped they will isue a refund. It’s shipped now and I was billed twice for this item.,refund_request
1026211,@AmazonHelp Money short. Thank u for reaching out though. I appreciate that. I'll be back on soon.💙,refund_request
1128085,"@AmazonHelp yes, it says ""drop off at pass my parcel free, or get £4.75 refund sending yourself"" it is 9KG! thats £22.90 by royal mail. I cant carry it!",refund_request
1028997,@AmazonHelp I was told the charge was because of the bank and that I can't just cancel my order even though that's what I want to do at this point,cancellation_request
1130576,@AmazonHelp An apology isn't good enough for this case. I'm now debating whether to cancel my pre-orders for Super Mario Odyssey and Xenoblade (1),cancellation_request
1130215,I LET MY LITTLE COUSIN USE MY AMAZON PRIME ACCOUNT FOR TV AND HE CHARGED OVER $100 AND SHUTDOWN OUR BANK ACCOUNT FML,prime_membership
1010364,"@AmazonHelp Hello @AmazonHelp i got my order bt did not get any coupon or prime membership details, hw can i get this? prime membership nt yet activtd?",prime_membership
1144085,"@389282 @47219 @AmazonHelp @115850 @115821 Parcel not received but showing delivered against order Order no --4__credit_card__, Tracking ID 216245202325, My account has also closed.",missing_delivered
1005108,@AmazonHelp I think ur 12 business hours is done,other_unclear
114443,@115850 1/2 2 times i order from amazon &amp; it never even shipped. i contacted cc multiple times &amp; always  they told me it will never be happen again.1st time i order moto g5 phone &amp; 2nd time fan heater. it was so frustrating . i had to cancel my 1st order &amp; take it from flipkart,cancellation_request
1129319,@386193 @AmazonHelp Yep. I'm wondering why I keep my Prime account active.,prime_membership
1050394,"@AmazonHelp I have had several orders go this way, the latest being a prime item that was ordered on 11/22, shipped on 11/24, but will not arrive until 11/28.",delivery_delay
1010367,"@115850 I had ordered a product through Amazon 20 days back.!Neither the product is received,nor the refund is initiated as per request.",refund_request
1005128,@AmazonHelp On doit payer pour pouvoir acheter des produits réservés prime (la plupart) livraison en Corse impossible en 1 jour (avion ou bateau) 🤔😕😢,other_unclear
1042263,@AmazonHelp So please issue the refund of price difference,refund_request
1150922,"@115850 
your performance over the Diwali sale had been great to worse! I waited for a week for my order and had to cancel it finally..",cancellation_request
1116046,@AmazonHelp All I was told was would refund shipping which was free with product and get a free month of prime. It’s about good customer service,refund_request
1064872,@AmazonHelp refund my prime membership charges and next time I don't want Amazon online shopping really verry bad service from you I can not refer any1,prime_membership
1143453,Dear @115850 @115821 really frustrated with the treatment this time. Cancel a item nearly two weeks ago but yet nothing happens till now,cancellation_request
1018197,@AmazonHelp Very bad 1 day late my order still not received #@amazonhelp,delivery_delay
1003610,@115850 I ordered two products and I was told that it will be delivered by 10oct but till today it is not delivered. Very unsatisfied,missing_delivered
1125278,@AmazonHelp Please contact me at 9817334534. I am not able to contact you guys. I have a refund pending with amazon.,refund_request
1095210,"@130723 hi, i have made order with @115850 for stanley on emi, later on cancelled but didnt get refund on my sbi card. Plz help",refund_request
1172493,@AmazonHelp my email was changed on my account without my permission and I am unable to log into my account to change the email back. HELP!,account_access
1146956,@115851 I hope you have time to have a look at how @115850 is doing. Both my orders delayed by two days. You'll lose share to Flipkart,delivery_delay
1135894,@AmazonHelp Your delivery timeline was 21-24 oct. so technically it's not late. But I wonder how it will reach in 2days if it hasn't been shipped as yet,delivery_delay
1091309,"@AmazonHelp No, it seems to be that it doesnt leave the Amazon warehouse until late the first day, this missing delivery on 2nd day. Different items, different carriers.",delivery_delay
1004676,@AmazonHelp Thanks just on the phone now,other_unclear
1110746,@AmazonHelp I have a package that says delivered but it's not in my mailbox. It says it was left there,missing_delivered
1000133,"Amazon now sell duplicate product. I bought Biotique Basil And Parsley Soap (150gm), and they send me duplicate product. @115850",other_unclear
1059274,"For the love of Christ! Amazon &amp; UPS, get your sh!t together. The amount of delayed shipments this year alone is ridiculous! @115821 @115817",delivery_delay
1000129,"@AmazonHelp For a while, every time I tried to sign up for @117093, it would just take me to my prime membership details page. All good now. Thx!",prime_membership
1106490,"@119625
Is it possible to cancel the current prime membership and get a new membership for 499? My prime membership ends on Dec 31-17",prime_membership
1153654,"@AmazonHelp Excuse me, where's my order? I expected it between 09/14 and 09/26. It's been a month and it hasn't been delivered to me.",delivery_delay
1004608,"@AmazonHelp Hello, trying to place an order in  (was given a $ gift voucher) and I want it delivering to a locker, but it keeps asking me to select a residential address in the UK, I need to select a locker but the option isn't available. Thanks in advance",other_unclear
1004517,"@115830 don't remember saying leave my parcel on my doorstep ......thanks Amazon , good job it was still there when I came home ,😡😡",other_unclear
1119129,@AmazonHelp Any help ?? On the delivery status or should I cancel it as it s delivery is on the infinty,cancellation_request
1065651,@115850 There has been no attempts &amp; calls from this agent. Delivery delayed twice. Pls assign  a capable agent to deliver the order.,delivery_delay
1008499,@AmazonHelp My item was damaged during shipping because it was mailed in a bubble envelope. How will you help me?,damaged_item
1168817,@AmazonHelp Oh and P.S. I'm a Prime member but will not renew my membership!!,prime_membership
1003687,"@115850 order was placed on 10th oct,expected delivery was 11th oct,but is was not delivered on 11th and till now it is not delivered.",other_unclear
1049378,"@AmazonHelp Hello, I live in Jersey &amp; receive phusical items VAT -Free but my kindle purchases still include VAT. Can i get a refund, please",refund_request
115900,@AmazonHelp Both times it's always been late at night around 10:30pm tracking has shown the parcel as out for delivery since the early afternoon,delivery_delay
1140823,"@AmazonHelp @122924 thanks for leaving my parcel outside all day in the rain. So glad you did that for me. Amazon, think a refund is due",refund_request
1001058,"@AmazonHelp I dnt hv spare phn, so please refund my money i made a mistake buying phn from Amazon, i.will mk sure not to repeate that mistake in future",refund_request
1125175,"@AmazonHelp @118919  I have not received my cashback for order no. 403-7428184-1258738 dated 20 November.
What r u wanted prove? 
I have already mentioned detail on my Facebook account 5 hour ago. No response....
Don't tease me.....",missing_delivered
1003617,@115850 @AmazonHelp this is what amazon do with thier customer ?they cheat my mny is dedcted frm accnt bt order is not delevired. cheater,other_unclear
1004661,@2335 @128308 my fire stick crashes every time I try to stream the Newcastle Vs Watford game on Hotstar. Every other app and even other programs on Hotstar are working fine. Wtf is going on?,technical_support
1142011,"@AmazonHelp Amazon Global book. No ring knockbut large book folded,shoved through door.Damaged. Danny says no replacement. Then increasing rubbish. 1/2",damaged_item
1152601,@AmazonHelp It only offers me an option for a refund. I just want to send this back and get the right item sent to me.,refund_request
1175627,"@AmazonHelp I have.  Three times. All I want is confirmation of a refund. The response was wholly inadequate, and I've given feedback about that too!",refund_request
1001971,@AmazonHelp Three packages in a month is a problem not an accident anymore. AMZL US. Way. To. Go. 👏🏻👏🏻👏🏻👏🏻 it was for my wedding in a month too.,other_unclear
1173033,@AmazonHelp i want to continue my membership but want to change the date. Do i just cancel and reactivate on date? Silly that no option.,cancellation_request
1018246,@AmazonHelp Shouldn't have to return it! The box it came in isn't damaged it's been put in the box in that state and now no time to get a new gift!,damaged_item
1055419,"@127137 @115850 investing money in company run by CROOKS! They are looting our money without any refund
Thieves you people are",refund_request
1118593,@AmazonHelp What did you offer anyway?! Its actually been useless contacting you guys!Your policies tell you to cancel any order at will?,cancellation_request
1005112,@AmazonHelp The product you send me was totally different then what I ordered also with missing some parts. And I received open package as well!,other_unclear
1090965,"@115850 All these orders were either non genuine, delivered later than expected date or dint match the description. Kudos to you guys(1/2)",delivery_delay
1104513,@AmazonHelp I have a subscription free trial. I want to cancel it before billed but it won’t show up in my subscriptions. How do I cancel it,cancellation_request
1070034,Hi @AmazonHelp I’ve ordered a book from you &amp; that’s turned up with the cover crumpled &amp; torn. Can I exchange it without blame for damage?,damaged_item
1173036,@AmazonHelp I reached out repeatedly via email &amp; phone. @49876 went silent when I requested my refund and to return the product.,refund_request
1153724,@AmazonHelp I appreciate the offer but the whole problem is I cannot get into my account. I can speak on the phone after 6 pm ET or email details,account_access
1063832,@115821 Y'all sold me some fake convers I want my money back  Lol,refund_request
1004513,@115850 ordered for a Phillips go gear MP3 player but received a empty packet with only cover of the product,other_unclear
1131264,@AmazonHelp Now they are saying they will call me on the 25th to see if I have received it then issue a refund.,refund_request
1059610,"@115850 Really Amazon is this ur way to deal your customer if I'll not get my refund of Rs.1399 in next 24hrs,I will go to consumer forum",refund_request
1125002,"@115850
Very very poor service.  

Damaged product.  
Terrible Attitude by your customer care executives. 

You'll need to rethink your  training of customer care.",damaged_item
1110771,@AmazonHelp Yeah I was told it would be here by 8pm and now it’s “delayed” but the info is so vague. And I’m confused why 2 day shipping isn’t really 2,delivery_delay
1004611,"@AmazonHelp Also none of them are outside of locker size &amp; weight requirements, so all should be eligible?",other_unclear
1044357,"@AmazonHelp @115850 @118341 @366940 #Digital amazon fraud.

Please arrange a refund asap.
Product returned still no refund .",refund_request
1003719,@AmazonHelp Great @115850,other_unclear
1159041,@AmazonHelp My password has been the same for years then it suddenly wouldn’t let me now it won’t let me get a new one at all. All emails received fine,account_access
1097353,Hey @115821 I will be canceling prime &amp; my services with you because of new #amazondelivery - major problems with EVERY order #ByeFelicia,cancellation_request
1122831,@AmazonHelp fuck u &amp; ur company. I am a prime member. Its been a week now since I placed my order &amp; it isnt delivered yet. I'm cancelling my (1/2),cancellation_request
1005121,"No dai ma adesso #Amazon consegna anche la domenica? Non ci credo!
Adesso compro qualcosa solo per provare se è vero!",other_unclear
1041676,The @115821 logistics delivery courier is so awful. Constant missing packages and delayed deliveries. You gotta do better. @amazonhelp,delivery_delay
1095124,"Dear @115821 , October 30 is not ""two-day delivery"" per my understanding of my prime membership :(",prime_membership
1033189,"@120781 @115850 
Item not rcvd. Refund not rcvd aftr 1 mnth which is causing me immense mental pain and agony. Expctd btr frm Amzn",refund_request
1133475,"@AmazonHelp I was not aware of prime membership but after purchasing it, I have known how worthy it is!!",prime_membership
110000,"@115830 @AmazonHelp Hi, I changed my Prime membership to monthly pay but you still took the £79 yearly fee out, how do I get that refunded either fully or minus the £7.99 monthly fee???",prime_membership
1096647,@115850 Very disappointed Amazon.. I have been trying for a return request of a wrong product being delivered to me and I'm getting no response. I have tried contacting you through the customer helpline number but still I got  no response. Didn't expect this.,missing_delivered
1161717,@AmazonHelp I can't cancel and buy on another platform b/c I watched the trailer so I'm stuck (which is stupid). Very unhappy right now.,cancellation_request
1096679,@AmazonHelp So is it mentioned there in Invoice ? And can i get refund or not just clarify,refund_request
1061366,@AmazonHelp Ur help means refund :( But u'r reluctant to improve genuine and health consciousness.,refund_request
1056818,"@115850 Order not delivered stating that v revised the delivery address,but we didn't. Requesting quick help",missing_delivered
1071163,@AmazonHelp Hello can you please help me i purchased too many bits to twitch at sametime and now my account is locked by the german amazon.,account_access
1003633,@115850 Orders getting cancel no replacement pathetic @115851 @115850 #foolish resolution team #jkoers,cancellation_request
1093326,@AmazonHelp My wife has accidentally signed up to Prime 30 day free trail. Yet I already have it. How can she cancel this?,cancellation_request
1095810,"@115850 Hi Team I recieved a defective item tht too not on time for which i took prime membership Order #
402-0027654-5501932",prime_membership
113798,"Apparently @116316 knows more about I want than myself. After cancelling my Prime membership some time ago, they just decided to renew it and charge me for it. Great job! (Not!)",prime_membership
1163759,"When #Amazon Fire 8 #Tablet will be launched in India?
Waiting for the delivery of echo.

#AmazonGreatIndianFestival",delivery_delay
1001031,@119625 When will you add Mr. Robot Season 3?,other_unclear
1159349,Idiots at @115850 want to give me an extension of prime membership by 1 month(~40 INR) instead of refunding for a missing 700 INR order :|,prime_membership
1110402,"@115850 just bought Mi redmi 4 delivered on 11th Oct just video called friends mic not working, ORDER # 403-9679881-6399538. Pls replace",missing_delivered
1004362,is there a way to read @117634 books from the terminal?,other_unclear
1156214,@AmazonHelp I already talked via chat and got a replacement but I didn't expect at all to receive an open package,missing_delivered
1086789,amazon showing order status delievered from past 3 days but still waiting to get my order amazon sucks @AmazonHelp,delivery_delay
1114828,@115850 I have ordered canon1300d dslr camera from amazon and they sent me rubbish broken speakers inside the box.,damaged_item
1044300,"@115850 @115851 @115821 @AmazonHelp 
Prime membership didn't work it's take 6 day to delivery my product bad service from Amazon",prime_membership
1141881,"@AmazonHelp Hi, I've returned an item to @116316 13 days ago and haven't heard anything since. 'Tracking info not available' it says..",delivery_delay
1054798,"@115850 quite disappointed with delivery service, after having prime membership&amp;item is prime eligible, still taking 5+ days to get item",prime_membership
1004535,@AmazonHelp Non sur ordi il me demande le code en plus et je suis co. Mais la a chaque fois faut que je trouve un ordi :(,other_unclear
1004387,@AmazonHelp why do you not send books in protective packaging? I just received 3 books from you all scratched and with other damage -_-,damaged_item
1118573,"@AmazonHelp amazon reports saying product damaged,i get message delivery refused by customer, delivery agent calls and tells me to take it,he'll deal!",damaged_item
1013065,@AmazonHelp Kindly share contact no as the website is not helping to relate my issue,technical_support
1136219,@AmazonHelp I am going to social media and media fr fake commitment  ur side.  U can say where is my order.  405-8158996-7018755,delivery_delay
1048140,@AmazonHelp Plz check your internet connection after you log in your email id,account_access
113742,"@116324 @AmazonHelp ordered a package on prime to ensure I got it today, mail from Hermes delayed due to external factors, now due between 24th-28th, what's the point in prime if I have to wait?! @116324.",delivery_delay
1001103,"@115821 WTF kind of delivery is this!?

#drivebydelivery #missedopportunity",other_unclear
1004591,Lost my Amazon Firestick remote so I downloaded the iPhone app and now 3 songs are playing at the same time and I can't make it stop @115821 send help,other_unclear
1131247,"@115850 order getting delayed again and again . . . Worst service of ATS
ORDR NO.
408-3885449-3453920",delivery_delay
1140981,@115851 ur people cancelled my order so double refund shall be paid to me as penalty for making me fool to wait for 6 days @115850,refund_request
1033050,@118919 Worst service after waiting 20 days parcel not delivered. Customer agent are very rude#Unhappy,delivery_delay
1096752,got really fucked by amazon evil within 2 is delayed for 2 days now dunno when it will reach me. :(,delivery_delay
1110899,"@AmazonHelp Hello Amazon, if you are giving a product, then the responsibility of refund or retain is yours, not our",refund_request
1128670,.@115821 I'm trying to cancel an order but it's not working. Help?,cancellation_request
1091295,@AmazonHelp I can't follow that link my account is on hold. Looks like you guys don't have any issues sending my inbox  new items I should purchase tho,account_access
1034738,"@AmazonHelp Does you policy says to deliver faulty products???

There is problem in handset so I am returning it. You give me the refund..",refund_request
1116995,@AmazonHelp @115850 how do I find out the expiry date of my prime membership???,prime_membership
1141926,@AmazonHelp Yes I have reported this to your support staff and they have directed me to send the pictures of the defective product via email,damaged_item
1016388,"@AmazonHelp So 1 month free prime after 2 days late, 3 days late &amp; I was refunded but told I’d still receive my order... LOL! Amazon prime is balls!",delivery_delay
1080296,@AmazonHelp I ordered hocus pocus originally on 15.10.17  and it kept being delayed so cancelled and reordered but now it’s saying it can be 25.10.17,delivery_delay
1616773,@AmazonHelp Thank you so much @AmazonHelp on #Twitter We just received email confirming that we will receive our money back.,refund_request
1002891,"@AmazonHelp I do not understand. I'm not asking for express delivery, it is a normal delivery per the seller!",other_unclear
1115258,"worst after sales service from @115850 @AmazonHelp 
Not getting support from cc team,waiting for refund since 11 days. feeling cheated...",refund_request
1076285,@AmazonHelp @115821 @AmazonHelp again disappointment from u...ur representative said that the product may damaged while deleveriing...what a  reason..@115821,damaged_item
1002883,"@AmazonHelp Yes they said yesterday, then today and still  nothing arrived. Customer services told us to buy it again to get delivery tomorrow",other_unclear
1079416,"Yay, @115821 delivered my package to the wrong address AGAIN. This is the third time now. And I'm not home to go hunt for it. Faaaaabulous.",missing_delivered
1124554,@115850 order no. 402-8770981-8275541 i have order washing machine on 16 oct and its not delivered to me till now but status showing its deliver to me. Even call center not helping me,missing_delivered
111816,@AmazonHelp The order was placed on the wrong card. Initially I just wanted to change the card. When I was told that was impossible I tried to cancel the order. When that was impossible I was forced to pay $31.00 and have my bank stop payment.,cancellation_request
1143448,@AmazonHelp Order has not been received till now. 21st October was the delivery date and now Amazon support wants to refund?What kind of service is this,refund_request
1116573,"@115850 
Onr of the worst services provider in the India they didn't refund my amount I'm waiting for last 1 month
@48069",refund_request
1004515,@AmazonHelp Thank you :),other_unclear
1038876,If you return and purchased same item then they will not give cashback though they sent you defective item #worst @115850,damaged_item
1001614,@357114 @AmazonHelp 검색해서 오신(?) 게 아닐까요😌 일단 다시 문의 넣어봤어요.,other_unclear
102950,@115821 love 2 get a refund for the items for mysteriously 20 less than what i paid for it and only able to get the difference as a gift card #cmon,refund_request
1108240,@138673 @115850 Expected delivery today .. status showing surprisingly not shipped yet but arriving today.When???👎,delivery_delay
1003712,"@115850 
Tracking #511355783673 Inspite of Address, package not delivered to me. Asking to contact amazon. Now to contact links found",delivery_delay
1051900,"@AmazonHelp I have already provided details 2 days back but so far, I haven't hear positive @115851 pl refund cashback or I will file FIR against you",refund_request
1039151,"I guess I need to get on Amazon and order a case for that iPhone X, but I’m still waiting on an order from over a week ago @115821",delivery_delay
1004631,He comprado todos los regalos de navidad por @115821 ✌😂,other_unclear
1135019,"@AmazonHelp never mind, I checked orders and said ""return complete refund issued - may take 2-3 days.. would been nice to get an email or notification!",refund_request
1153719,@AmazonHelp cust serv rep wants me to create a new email to use for my account. not an option for me. i'm on hold waiting to speak to a supervisor.,account_access
1028164,@AmazonHelp I can't log into the Amazon account that it's linked with I no longer have access to the email address and so can't verify it. But both accounts are householded together and mine. Can I merge them?,account_access
1004677,@115830 have a word with your couriers. Leave packages of significant value by my front door where anyone walking past could see and help themselves. The delivery report lies and says they delivered to me.,other_unclear
1066690,@115851 BUY TRY CRY policy works so well for Customers in Amazon India !  Broken crayons do colour but don’t sell:( #AmazonIndia,damaged_item
107294,"Every now and then I get texts from Amazon saying ""your order will be delivered by DPD on ..."" I didn't order anything, yet on that day I'm wondering where the fuck is my delivery and nothing turns up 😠

@115830",missing_delivered
1170200,Amazon just emailed me to let me know delivery on my pre-order of @13505's book will be delayed. Must have crushed that presale,delivery_delay
1004364,@AmazonHelp Could you please explain me?how much time I share the details and taking follow up.,other_unclear
1003630,@115850 Poor delivery service FE not delivered the package at destination,other_unclear
103138,"@AmazonHelp Please check wording on the delivery tracker,it said cancel delivery which I though would allow me to change delivery. One click and I lost my order which I’ve waited a week for I am only rearranging as the item not arriving on time.Will not be using amazon again always problems!",cancellation_request
11075,"@AmazonHelp i understand, but i am asking a general question, do you or do you not have a policy about late delivery with amazon prime?",delivery_delay
1157932,@AmazonHelp I had a verified counterfeit product and I HAD to explain your A-Z guarantee policy. They were NOT going to issue refund.,refund_request
1053505,@AmazonHelp U people r crazy really u want me to pay 2k more for that same fuckin order so that u guys could damage it once again,damaged_item
1095918,"@AmazonHelp plz give me your customer care no
I want to cancel one product of my order reply as soon as u can",cancellation_request
1125079,"@115850 If you cant honor orders, stop taking orders and then cancelling it once we lose opportunity to buy from your competitor!! Check OrderId 407-3570338-2876318 and 407-8674147-6797957. Get mature to do business !!",cancellation_request
1159357,"@AmazonHelp Hi, I got confirmation that my refund has been received but I haven't received the money back?",refund_request
107272,"@115850 
Pathetic services from u guys.i have requested a refund for my order on 1st nov u stupids hv not picked it up and now asking me to courier the product back to seller fucking worst service ever seen in my life.i vow to not use your fucking app again",refund_request
1030352,"@AmazonHelp Please dont patronise me, i expect compensation for this cock up aswell as a refund, its disgusting that @115830  can get away with this",refund_request
1143418,@AmazonHelp @389116 no. expected delivery is 23th october.yesterday I got a message it is out of delivery but yet no delivered,delivery_delay
1060504,"@AmazonHelp talked to an employee I was told I was getting an instant refund via amazon balance, and an additional $25 gift card code. Any help?",refund_request
1159300,@AmazonHelp Account hacked and no phone call from accounts specialist as promised in 7 days - nothing but the same useless email 5 times.,account_access
1000132,"@AmazonHelp Order ID: 404-0496716-8940319
People, need to know about @115850 DUPLICATE product. You sold duplicate product.",other_unclear
1668275,@115821 @1016 @119736 @21988 @11852 STILL WAITING TO REFUND ME,refund_request
1170015,"@AmazonHelp I'm not getting to a place to enter my password: I get a 500 when it sends me to any login screen. If I open in incognito, I can sign in.",account_access
1052119,"Amazon: Your package has been delayed do to bad weather
Me: Ehh alright, I uh wonder where its at though.
(Not even 10 miles away)",delivery_delay
113762,@115821 Hi guys. Why would I see on my account £1.00 for amazon prime membership?,prime_membership
1163359,@AmazonHelp Bought an item in July (with warranty) that’s broken!!! What do I do? Thank you.,damaged_item
1143194,@115850  i got my refund money to my bank account but  your product unable to return to you.Please collect your product,refund_request
1042286,@AmazonHelp Can i just cancel the order?,cancellation_request
114450,"@115850 @115850 , No action was taken status is still showing “not yet dispatched” ,again a false promise like last time wait till due date and contact us after due date and when i will contact after due date ,will be told to cancel the order and reorder again.",cancellation_request
1168515,"@AmazonHelp hi there, I can't seem to register an Amazon seller account... every time I enter my password it just knocks me back to login",account_access
1140879,"@AmazonHelp I can provide ahmedabad address for delever the same product or i can pick up from last location, i don't want refund, i need this product,",refund_request
1002888,@115850 Been a week since I ordered. No sign of delivery for order 405-0189843-8317979 in spite of escalating everyday. What is happening?,other_unclear
1125145,@AmazonHelp Resolve.Finally he agreed to refund it,refund_request
1061358,@115850 very poor experience with subscribe and save. Order never delivered. Refund messed up. Very poor show. @AmazonHelp,refund_request
1052382,"@115850 with my folded hands in request to you guys, can you explain what is going on? It has been a while since I requested this refund 😞",refund_request
1012892,@115821 extremely poor response from Amazon and bluedart in picking up  damaged product delivered. Return was requested on 03.10.17.Pls help,damaged_item
1171352,@117795 Order placed Sunday. Now Tuesday still not arrived. Let down me and others waiting on this.,delivery_delay
1029699,"@AmazonHelp my Amazon Fresh order never arrived for order: 
111-1356304-4034650 delivery was set for between 3:00-6:00 PM. I’m not worried about their being late, but am concerned if I go to bed groceries will be delivered and outside all night.",delivery_delay
1005977,"@AmazonHelp 2nd chat, 1hr + 7 agents, asked how to return defective item. Never got a clear answer, then u said wasn’t possible to use locker",damaged_item
1133010,@AmazonHelp Hi...I have an order that seems stuck. Was to be delivered on 10/18...still not there yet.,missing_delivered
1110769,"When @115821 Prime 2 day turns into 4 days and now 5, that sounds like it’s not 2 days. What’s the deal? Most of my orders get delayed now.",delivery_delay
1137721,Inadvertently ordering something from @115821 luckily I managed to cancel it...i hope...@AmazonHelp can you double check?,cancellation_request
1002571,"@AmazonHelp If I have to call you &amp; that agent + tweet constantly for my package bcos of the delay, what’s point of your ‘customer service’? #FAIL",other_unclear
1126698,@115821 amount of $11 for Prime membership is appearing at my Visa statement. Since I didn't purchase from Amazon please cancel this payment,prime_membership
1048807,"@171152 
I am unable to log in Amazon or prime since a month.. cannot use any passwords or email.
Plz help",account_access
1002644,@115821 @115850 I contacted your customer service and they told cash will be added back on Monday &amp; today is Tuesday still no refund. @AmazonHelp @115850,refund_request
101774,@AmazonHelp Yeah... all of them. It’s usually late when the carrier says AMZL US. Today they threw my package in the flower bed even after I talked to customer service and requested all packages be placed on the front porch.,delivery_delay
1134074,@115830 I asked for an item to be delivered by 1pm - it's now nearly 2pm can I get a refund on the delivery fee,refund_request
113800,"@AmazonHelp I did place an order (at amazon uk though) after cancelling, but that was two weeks ago. Also I made sure to not tick any of the several dozens Prime membership buttons when ordering.",prime_membership
1004384,@115821 @115850 Why not a international warranty for Amazon Kindle? Sounds good enough! Ain't it?,other_unclear
1100606,"@115850 @AmazonHelp  Hi, I had ordered this tab from Amazon India and it was supposed to be delivered today. This is marked as delivered in the app but I haven't received the package yet. I have not received any communication from the delivery person today. Please help.Regards",missing_delivered
1002197,@115821 where is my package? Last time you deliver to my neighbors and this time it's no where. :'(,delivery_delay
1031581,@AmazonHelp @115850 neither they initiated refund for the same. please look into it and do the needful,refund_request
1003612,@AmazonHelp I appreciate a call back.Every concern need not be associated with any order number.My issue is all about a cash back which  am eligible for,other_unclear
1130545,@115821 you guys really let someone change my email on my amazon account!!! What is your customer service number??,account_access
1020925,"@AmazonHelp No delivery date given, the item is in stock and I was advised by customer services to cancel an reorder , same problem 18 days now.",cancellation_request
1062303,"@115821 Last time u didnt even bother 2 notify me when i wasnt home every time u attempted delivery &amp;sent it back, didnt even get my refund 4 that 1",refund_request
111882,"@AmazonHelp Just got a message saying possibly delayed till tuesday, online help said by 10pm tonight, confused and angry",delivery_delay
1167715,"@AmazonHelp was talking to someone yesterday on your chat to us, told I would get a refund, had no confirmation for this....",refund_request
1016706,@115830 Your locker Edwin in #Runcorn is broken. How can I grab my parcels now? I needed them today for a birthday present. 1/2,damaged_item
1036542,@115850 Still not received the refund of 499 for fire tv stick from you after 1 month of buy. Help needed !!!,refund_request
1078621,@AmazonHelp so i did but nothing happen i again contacted amazon for refund. Your email says wait for 2 days. i do waited for 2 days but nothing happen,refund_request
1003613,"@AmazonHelp 
Such a pathetic service I have ever experienced in my tenure with Amazon.Escalation team disconnected my callwithout a courtesy",other_unclear
1058029,@AmazonHelp Done waiting for your refund and compensation amount,refund_request
1153292,@115850 My Order 171-5657034-3694740 supposed to be delivered by 13th is still not dispatched. I have raised many concerns.,missing_delivered
1035484,@AmazonHelp Have to wait 3-5 days and I will also be charged a $35 overdraft fee. Your website screwed me and didn’t even ask for a password for a $100,account_access
1115777,Didn't rcv the refund in Citi bank on Amazon shopping @AmazonHelp @117157,refund_request
1012312,I have still not received my refund for returned item...which supposed to b in my account by 19th Oct. Not the first time. @AmazonHelp,refund_request
1053481,@115821 where's my order?,delivery_delay
115908,@AmazonHelp Also is there a way to have my orders delivered by another firm in the future? I do not want to have my items delivered by this company as they are nothing a nightmare.,missing_delivered
1004560,@AmazonHelp How would you like to make sure this is sorted? By not even asking me what the order number is? Or by offering no help at all? You’re a pointless service.,other_unclear
1000199,@AmazonHelp I ended up canceling the order. it seemed I wouldn’t get it for a while or the package was lost since in transit since there was no update.,cancellation_request
1006601,"@AmazonHelp I am being charged twice for the same book rental,what do i need to do to fix this?",refund_request
1004572,@120533 @231586 j’ai commandé une batterie externe qui devait arriver le 17 novembre et elle n’est toujours pas arrivée,other_unclear
1038851,@AmazonHelp I’m paying for prime... 2-DAY SHIPPING my package has still hasn’t arrived. I bought it 4 DAYS AGO,delivery_delay
1125046,@AmazonHelp If the item is returned will I receive a refund for the product cost?,refund_request
1066667,"@AmazonHelp Awesome. and subscribed to prime membership a few days ago. really good and best than other ""N""",prime_membership
1004570,"@AmazonHelp Je sais pas si c’est grâce aux différents messages que j’ai envoyé au services client mais le remboursement a été effectué dans l’après midi,encore merci pour vos services",other_unclear
1075370,@AmazonHelp It's been 7 days! When my refund is going to get credited? @115821 @115850,refund_request
1065718,"Ugh, I can't load amazon's site. I just get a broken mess no matter what browser I use. What the hell?",damaged_item
1086761,@AmazonHelp I'm waiting for the Fire stick which I ordered late last night and was guaranteed delivery today but the length of time is shocking!,delivery_delay
1134962,@AmazonHelp Delivered by November 3rd and now it's December! This is not acceptable! I chose to preorder on Amazon and now can't order anywhere else,missing_delivered
1006051,@AmazonHelp All I am told is your system says delivered but apparently your drivers do that before they deliver?? Not acceptable really.,missing_delivered
1021009,"@115830 My account has been hacked and email on my account changed, please help!!",account_access
1043559,@AmazonHelp The government funded books I ordered for school I have the forms for refund and no one seems able to help,refund_request
1000142,Love how these @115821 deliveries have been left outside in the open by our gate when we’re home all day. Our front door is 10ft away! 👍🏻,other_unclear
1004367,@AmazonHelp Your service and your promise is totally waste of time &amp; money for your customers..,other_unclear
1043143,@AmazonHelp Any update about my refund? The rubbish shirt still hasn't been picked up,refund_request
1125163,"@AmazonHelp hello, my order shows as delivered but nobody in my hotel has them. it's been a week and I'd like to have a proof of delivery or a full refund. the packages are nowhere to be found. thanks",refund_request
1104383,@AmazonHelp It says delayed,delivery_delay
1144076,@115850 is playing games with customers.I have requested for a refund for one product which they haven't collected from last 15 days.,refund_request
1122711,@AmazonHelp Have cancelled prime account and will return all my items,prime_membership
1161596,"@115830 worst service since I've used amazon prime, my items turn up late, or not at all. Ordered Thurs next day delivery still not here.",delivery_delay
1072125,@AmazonHelp My package said it’s been ‘delivered’ but I haven’t seen it,missing_delivered
1004645,"@357788 @115830 Two deliveries in as many weeks, missing products, wrong items, battered boxes, @115830 going down hill, wont be ordering high value items again from you.",other_unclear
1133075,"@AmazonHelp Customer services has been awful. Considering cancelling prime as so many parcels don’t make deliver dates, then 30 min wait on the phone 😕",cancellation_request
109969,@AmazonHelp your CS desk haven’t got a clue. 5 phone calls to point out the dvd Box is damaged (as your courier chucked it over the fence). I just want a replacement but they want to charge me more money. How difficult is it to sort?,damaged_item
1104345,Dear @115850 10% discount for SBI cards has not deduced.pls deduce it or if not possible cancel my order.,cancellation_request
1082956,@AmazonHelp Order #404-8888007-0192350 still not delivered. kindly initiate a refund. I will look for another better service to buy from.,refund_request
1002583,@AmazonHelp I appreciate your prompt reply!,other_unclear
1079368,@AmazonHelp Concern regarding Amazon pay balance issues n refund policy. I am unable to use my balance.,refund_request
1159238,"@115850 😡 totally irritated by service ! There trouble in recovering my password ! I have changed password using OTP,still they asking ID",account_access
1005106,@AmazonHelp Done with all my formalities and provided all information. Looking for my product soon !!,other_unclear
11090,My drying rack was broken when I opened the box. What should I do @115821?,damaged_item
1125136,"Bought a TV on @115830 Tuesday. Prime member. Specified Saturday delivery. Last night get told it’s delayed until Monday for no reason. Tried to contact @24123, chat broken, no answer. Called Amazon. Was put on hold for 20 minutes while lady tried to contact Arrow XL too.",delivery_delay
1092462,"@AmazonHelp I mean one extra isnt the end of the world, but if its an amazon prime item and guaranteed to be delivered within 2 days and it's not...",missing_delivered
1001085,#Amazon #Amazon India needs to learn from parent company,other_unclear
1073770,@AmazonHelp ..My order was not delivered citing reasons location could not be tracked..You have delivered more than 100 orders to me,missing_delivered
1050429,"@AmazonHelp Thanks much. I had a replacement CD come in yesterday. Also with a cracked case. That makes five damaged cases out of seven CDs I bought, a 71.4 percent failure rate. How to get replacements that are intact? @115851 #Amazon #envelopesarentcuttingit",damaged_item
1035489,@115830 gutted to get home and find my order “safe” in a bin and broken 👎🏼 away to spend more money to make sure I get the gift on time 😞,damaged_item
1133067,@115830 Preordered Destiny 2 over a month ago and it hasn't arrived yet. Great job guys!,delivery_delay
1156690,@AmazonHelp  been waiting on a refund from you guys since Friday do you know how long this will be,refund_request
1049393,@115850 @AmazonHelp  multiple  times  contacted getting usual reply technical  error.,technical_support
109928,@AmazonHelp I think u guys have less knowledge... Please read ... u guys not even mentioned reason of the cancellation... dont worry c u in the consumer court... i placed an order 1st week of nov...,cancellation_request
1004665,@AmazonHelp Thanks! And I know I'm not the only one with this issue. Something has gone wonky!,other_unclear
1041814,What the heck @115821 @AmazonHelp Where is my package exactly??,delivery_delay
1095293,"@AmazonHelp TY for forcing me to cancel my cc b/c you wanted to ""test"" one of my cc's on file to make sure it was still good. 1 of 2",cancellation_request
1060435,@AmazonHelp Call ended by her effectively telling  me to reset the password to the account so she would know she couldn't access it anymore &amp; call (3/3),account_access
1021013,@AmazonHelp My account has been hacked so I can’t log in and talk in live chat!,account_access
1044354,"@115850 order ID 408-0552297-9607546 return ID DRDWL3PORRMA,order date 24 Aug 17 lekin abhitak muze mera refund nahi Mila hai please help",refund_request
1002913,"@AmazonHelp I have issues with subtitles out of sync on Prime Video, on browser and Android app, with almost all the videos. How to solve?",other_unclear
107244,"@139817 @AmazonHelp Yeah I had to cancel, order, and then cancel again the lady was as helpful as she could be but would have all been avoided if it was delivered the normal day and time they promised.",cancellation_request
1100395,"@AmazonHelp @115851 702-0532916-9445854 You couldn't deliver in spite of  ""Guaranteed"" delivery"". On top, messages sent to pin blame on me for delivery delay. 1) They tried at 8:53 pm-I was at the front door for 1.5 hours/ no buzz 2) it is business address",delivery_delay
1037024,"@AmazonHelp Deactivated my account without any reason and sent this email. When asked for the reason, no response from the customer support team.",account_access
1002548,Apparently @115850's recommendations to me based on browsing history is all colours of glitter powder 🤣,other_unclear
1005133,@AmazonHelp @357901 Hello. Yes. It was a single order &amp; the two charges were identical. The bank said Amazon's credit was reversed &amp; now I have two charges.,other_unclear
109908,@AmazonHelp You have my details. Please stop sending me on a roundabout to getting my money back.,refund_request
1065665,"@AmazonHelp I am yet to get the payment failure refund, not sure how long it will take,",refund_request
1048801,"@115850  pathetic service , order placed on 9th October , still not delivered! Asked me to take refund instead of delivering it! 🙄😏",refund_request
1001050,@115850 u r such a loser I bought OP5 on 9Oct n fcng speakr distortion issue &amp; u askd me to use crappy app which detect everything is fine,other_unclear
105074,Normally @115821 does a great job of packaging shipments.... not today though. Giant box with literally 0 packing materials. Fortunately it doesn’t look like anything was damaged,damaged_item
1146916,"@AmazonHelp But yesterday I got a call from shop world that we received your product in damage condition,",damaged_item
109832,"@AmazonHelp Hola, es que cuando hago login me manda a una página que ya leí, pero necesito hablar con un asesor",account_access
1067668,@AmazonHelp nothing of the sort. I've only gotten the automated emails from when I've tried to switch the password.,account_access
1104610,@AmazonHelp Will I be able to get a refund and will I have to pay to send back the one I got?,refund_request
1087390,"@115850
#SayNoToAmazon

Receivd broken prodct on 25th Sep.Opted fr replacmnt.They delay frm 27th Sept to 6th Sept to 8th Sep to 9th Sept.",damaged_item
1020257,@115850 They could not locate the number and finally agreed to refund or replace the product. To which I said plz replace the product.,refund_request
1170016,@AmazonHelp I'm unable to sign in to either  or into my AWS account through my company's SAML. I keep getting 500s.,account_access
1005069,@AmazonHelp Ha... Now this! And this was supposed to be a prime delivery! Thanks for ruining everything. The occasion is over already.,other_unclear
1103687,@116439 why doesnt the firestick recognize @6592 I should be able to download their app and log in with TV provider?,account_access
1099270,@AmazonHelp Customer service said they would send me my items tomorrow. Never even offered a refund.,refund_request
1057337,@119356 #Amazonindia worst delivery service. Waiting for nxt day delivery order from 17 Oct. Not received till date. #Amazon @119356,delivery_delay
1064834,"@AmazonHelp Done already, was told that it's basically my fault and that Amazon will investigate but no refund or replacements guaranteed. Ridiculous.",refund_request
1140940,"@AmazonHelp Can't login and having trouble resetting my password, can you assist?",account_access
1117708,@AmazonHelp I’ve tried getting a refund for Order no 403-2127911-4989966 but it’s tied up in red tape for weeks. Please look into this.,refund_request
1063040,"@171152 maine pigeon cooker order kiya tha, late delivery ke baad mila bina ISI mark wala cooker. Kya baat hai..",delivery_delay
103025,@AmazonHelp There is no solution offered I require replacement not refund,refund_request
1004648,@115821 has the absolute best customer service. Their agents are so polite and helpful. #whatcustomerseeviceshouldbe,other_unclear
1020279,@115830 SHOCKING SERVICE FROM AMAZON. STILL WAITING WEEKS LATER FOR £114 REFUND FOR ITEMS I NEVER ORDERD ON KINDLE.,refund_request
1109424,@115850 @AmazonHelp order cancelled as it was not delivered to my address. But money is not refunded yet.,missing_delivered
1177144,Here we go again @115821! ANOTHER late package! Said to be here today! The mail ran at 3! It's about 6pm! It's definitely not gonna be here😤,delivery_delay
1030168,@AmazonHelp Finally I got my money back after 11 days struggling with customer support team.,refund_request
2290527,"@AmazonHelp no resolution provided by seller
pls look into the issue yourself
and provide refund
pls",refund_request
1115206,@115850 returns product yesterday but neither update in my account nor refund.,refund_request
1130436,@115830 your customer service is a diagrace. I haven't received my item and you won't refund me. What a way to treat #amazonprime customer,refund_request
1007770,"@AmazonHelp A package supposedly already in transit is magically delayed for 4 days. When I ask why, unprompted the agent cancels the order and refunds.",delivery_delay
1001979,@AmazonHelp Just the regular website. I kind of expect Kindle Unlimited to appear in the dropdown filter.,other_unclear
1055388,@AmazonHelp I contacted via chat and ur people are useless. I am going to have to cancel all my digital subs and move them to iTunes. #wow,cancellation_request
1135121,@AmazonHelp If I pre order something I expect to be able to use it on that day not by the time I'm going to sleep! Refund?,refund_request
1089843,@AmazonHelp One already shows refund processing; the other USPS...but I think all were the same.,refund_request
1005138,Thanks @115821 #Amazon for gettting my #new #submarinerwatch #diverswatch #watch to me in just one day. #happy customer,other_unclear
1033209,@AmazonHelp Is there anyway to have a package delivered &amp; not use @123967? My package didn't arrive yesterday &amp; is now delayed.,delivery_delay
1087637,@AmazonHelp Amazon. Atleast 10+ times connected with you. Can you guys take ownership for cancellation. Can't get a call or confirmation mail frm amazon,cancellation_request
1002554,@115850 3 calls hv been made to customer care within last 3 days and all 3 days i am being assured of receiving the cashback on same day but....,other_unclear
1170217,@AmazonHelp The escalation dept in logistics is past being able to help. No idea where the package is. Complete BS.,delivery_delay
1004652,KD meus mimos @115821,other_unclear
1003646,delivery drivers in london are a joke 3rd parcel in a week delivered to the wrong address wtf you have one job! @127161 @115830,other_unclear
1005976,@AmazonHelp Then offered me not to return defective; however u never confirmed by email. So still don’t know if I have to return it or not,damaged_item
1083875,"@118919 
Order id 
407-1361514-9950739
Why I pay more for your mistake.
First fake reason for cancellation.
And now one more",cancellation_request
1103620,@115821 I reset my password and it's still telling me it's the wrong password and can't access my account 😑,account_access
111806,@AmazonHelp its going to gift card balance forgot to mention i understand that it takes some time its just if i dont have a bad record on amazon it should not take me 10 days to receive a refund i have only made 2 returns since 2013 and it has been the 2 monitors but i hope i get it today.,refund_request
1002903,"Amazonキャンセルされたから直接買ったほうが早くねってなってる
支払い番号待っててなんでキャンセルされるんだ",other_unclear
1033187,"@115850 The order has not been delivered to the customer, your support also not helping here.",missing_delivered
1002622,"@115850 
My tracking #511355783673 
Delivery man didn't handover the package to me. From where to collect?
Where and how to contact you",other_unclear
1041245,@AmazonHelp Haven't received any mail. MAKE SURE THE ORDER DELIVERS TODAY BEFORE 8PM. I don't need any excuses and surely not replying to mails,missing_delivered
109779,@AmazonHelp It keeps changing the expected delivery date. First time it was by Oct. 30th then got changed to Nov. 22nd. Now it says the 27th. Can't believe Amazon allows practices like this.,delivery_delay
1103640,@AmazonHelp Trying to get an account manager to review a hold? Well its impossible been trying for three days. 7 year customer here.,account_access
102997,"Signed up for a yoga class at work... This plus my Amazon Prime membership, has me feeling elite... 

Good Morning my Twitter neighbors",prime_membership
1173039,"@AmazonHelp @49876 I disputed the charge. @49876 claimed we accepted the boxes as is, which is not the case. The paper was so damaged it was unusable.",damaged_item
1010394,@115850 looks like your logistics miserably failed to cater diwali rush 407-8630384-6794716. waiting for my order since yday.,delivery_delay
1003600,"@357545 @AmazonHelp Oh, thank you xx",other_unclear
1057364,@AmazonHelp @120781 @AmazonHelp :Pls resolve the matter as requested.I need d item which wasn't delivered at all and forcibly refund was done.,refund_request
1117980,@AmazonHelp @115850 I returned an ASUS power bank and am yet to receive the refund.Been a month. what the hell is going on?,refund_request
1060443,"@AmazonHelp my account was hacked, but I can’t see where to report that. I already changed my password, but want to inform you.",account_access
113757,@AmazonHelp Screen shot from uk signin. Same,account_access
1030375,@AmazonHelp Yes thankfully the contents were not damaged.,damaged_item
1003643,@115850 I am not able to trace cancelling option for my order. Please help as the delivery time mentioned is too long,cancellation_request
102954,"@AmazonHelp i am unable to return. While returning, it is suggesting to download the App. I have already told that it is not compatible with JIO sim. What is the need of that App. I want to return my mobile. I don't want refund. Order No: 404-9391432-5602714 @115851",refund_request
1139757,@115850 I haven't received my order yet. Horrible service.,missing_delivered
1086792,@115821 how hard is it to securely package a book so it's not damaged in transit. I've returned this same item twice and now I get this.,damaged_item
1044958,@115850 @AmazonHelp another pathetic issue Prime order showing delivered track# 449123579275 not done in actual,missing_delivered
1106559,@115821 not happy w preorder placed last wk that hasn’t arrived &amp; no update. Poor cust svc. Spend thousands/month on the site &amp; expect more,delivery_delay
1041207,"@115850  but i'm worried, refund not received",refund_request
1001975,@AmazonHelp The tracking shows the courier could not find my address. Which is absolute rubbish. This has never happened before.,delivery_delay
1149803,@115850 @AmazonHelp kindly refund money for order 404-2396392-7886725 via Amazon pay as I have to place an order before sale ends,refund_request
1116561,"Super disappointed with @115821 at the moment. Their carrier lost my order, so I had to go through the refund/reorder process. (1/?)",refund_request
1002921,"@AmazonHelp It was because I bought a UK Kindle book. It reset everything I had linked to my Echos, absolutely EVERYTHING. Sorted it now.",other_unclear
1148731,"@AmazonHelp Package was opened by neighbour!This time package not delivered,e mail received saying unable to deliver.Called to query,stressed safe place",missing_delivered
1168750,@AmazonHelp Already talked to your customer service. They only said that I would get a refund.,refund_request
1123341,"dear @115850 I bought oneplus5. How to avail these special offers like Vodafone, prime video, accidental damage?",damaged_item
1076376,"@AmazonHelp: What I ordered and what I got;pls check so called ""Apni Dukaan"",pathetic service,stop making people fool, pls refund my money.",refund_request
1176297,@AmazonHelp Ok cool but how do I cancel an @1016  download? I was just gifted the audio and I literally just purchased it today. Is there any way,cancellation_request
1044299,@AmazonHelp I contacted customer care and I ask them about prime benefits they clearly said prime membership get fast delivery 1 day or 2,prime_membership
1148676,@AmazonHelp Yes I have done that and I have even contacted your customer care service but its of no use. Its getting delayed a lot.,delivery_delay
107270,anyone having trouble with #Amazon  transactions not going through and not accepting password even if you done a reset @115830,account_access
1096682,@AmazonHelp When I called customer care they said they will not refund it though it's under you mentioned criteria,refund_request
105151,@115821 sold a defective car part and now won't help. Cost more than $700 in additional expenses. #amazonfail #,damaged_item
1100502,@AmazonHelp Yes :( my emails says it was supposed to arrive yesterday and it said “out for delivery” and now it says on my app expected delivery is the 27th which I need the stuff I ordered for tomorrow,delivery_delay
1119124,@AmazonHelp I didn't any link . It just said if you want to cancel it,cancellation_request
1125285,@115850 order no.407-4654789-4378737 nt been delivered bt showing delivered ystrday no response from your side. Kindly deliver or refund,refund_request
101678,"@AmazonHelp Thank you for your help. Have done exactly what you said and am no further on. Been told to order the items, then email cust services and they might issue refund. Offer ends 30th and i will get a  reply in 24 hours. Very poor telephone cust service and I'm not placing an order",refund_request
1041820,"@AmazonHelp Just checked my bank and seen I was charged twice for skyrim both transactions are £37.53
What happend?",refund_request
1163364,"@115850 A loyal customer, but had d loudest of all delivery today &amp; when I look up, I'm told no return policy. Atta &amp; biscuit pack broken",damaged_item
1004557,@AmazonHelp Why thank you!,other_unclear
1100543,Had notification that @115830 delivery (Tracking ID Q22650889203) was 'handed to resident' at 5:26pm. Not sure how as I'm not at home!  Have spoken to neighbours and they haven't received it. Where is my parcel please?!?!,delivery_delay
1072542,"Happy Birthday 2my hubby Adrian 2day.Disappointed in @117795 Ordered v late Fri, sposed 2be next day delivery, not getting til WED!!",delivery_delay
1005057,"@115821 @AmazonHelp Someone has used my card in US for $10.99. I am not aware of this, @115850 is saying that it belong to us",other_unclear
1350313,@AmazonHelp Finally the wrong material has been picked up for return and received my money back..Many Thanks to @AmazonHelp team..,refund_request
1033193,@AmazonHelp The cancellation has not been updated yet . I received a mail on the same,cancellation_request
1005047,@AmazonHelp So I just want to make sure it's safe to be delivered while I'm in work.,other_unclear
1118618,@AmazonHelp Hav alrdy inform ur cusrcare.big liars sitting there.403-0312771-9515529. I never rejected or delayed orderbut thy mentioning it due to cust,delivery_delay
1090972,"@AmazonHelp Dear Amazon, my account is locked, I'm not able to contact with account. Atleast when account is locked, you should provide access to HELP.",account_access
1058849,Dearest @AmazonHelp why is this taking a week? I pay for prime and selected a prime item. I'm going to cancel prime at this rate.,cancellation_request
1004672,@AmazonHelp It's fixed! Thank you to all who worked on it!,other_unclear
1001018,@AmazonHelp Yes. And this isn't getting resolved on Twitter so stop bothering. Will take up with the appropriate forum where you can do your explaining.,other_unclear
1007728,@115850 asked for refund Order# 404-7401584-6902710 got a reply-ur cheque was deliverd to sum1 else by mistake so we can't initiate a new1,refund_request
1114985,"@AmazonHelp There was no reason given other than some generic ""why was it delayed"" faq response",delivery_delay
1031596,@115821 has lost two of my packages this month. Both were being delivered thru the Amazon’s “Amazon Logistics.” Not good stats.,missing_delivered
1060502,@161266 I have ordered two of your motherboards from @115821 and both have been defective. This is effecting my work. Anything? @AmazonHelp,damaged_item
1001980,"@AmazonHelp Is there a way to search just Kindle Unlimited books? I can't seem to find a filter other than Kindle, then hunting.",other_unclear
1001037,Amazon shipping sucks! 3 of my last 4 orders have been late by multiple days or just been lost completely. @115821 @118706,other_unclear
1000988,@AmazonHelp Did thank you.  Just waiting on it to be delivered today now.,other_unclear
1106545,(1/2) Hey @115821 I was sent another defective vinyl of #WeAreKing by @47715 this is the 2nd copy you've sent me that has skipped...,damaged_item
1046539,"@115821 @115850 @AmazonHelp Should I just reset this person's password, log in and delete the account?  Can't contact support without acct",account_access
1038932,"@363778 @115830 Absolutely  terrible.  I thought my little bit mangled box was bad, I got off lucky and  it wasn't ripped with its contents broken inside.",damaged_item
1103618,@AmazonHelp stayed in all day waiting for a delivery between 7am&amp; 10pm. Didn't arrive so called Amazon 'our cut off is 9pm' #Shoddyservice😡,delivery_delay
1133488,@AmazonHelp If such factors are also applicable for prime members then what is the benefit of paying 500₹ prime membership fee.,prime_membership
1108280,"@AmazonHelp for some reason, there is no option in the prime membership tab to cancel my prime membership, what do I do?",prime_membership
1100451,@AmazonHelp No I've not even ordered it yet - I just wondered why all of the sudden I'm not getting Next Day Delivery - why would my order be delayed by two days?,delivery_delay
1077761,"@AmazonHelp Dears, it's been a long time since my last login, I can't even remember what email I used. All I'd like to know is if my account is safe",account_access
1005062,"@AmazonHelp je vous ai contacté par DM, si vous pouviez me répondre vite, merci !",other_unclear
1129369,@115850 @115851 (1) U don't respect customer. Ur seller is sending defective product n when customer asks 4 replace it u say that no replacement can be done,damaged_item
1031073,403-8415773-6460323 emi charged on cancelled order ! No refund processed to bank ! Fraud by amazon #AmazonIndia #Amazon,refund_request
1000125,@119625 Please upload south movies in hindi audio,other_unclear
1108772,@AmazonHelp tell me how to cancel prime subscription. Shopping experience is pathetic wiid u guys. Shud consider @118702,cancellation_request
1001041,@115850 ग्राहकों कृपया Amazon से ख़रीदारी ना करे.पिछले20 दिन से pick up नहीं हुआ.last 7 दिन सेमैं ख़ुदट्राईकर रहा हूँ .आज किसीतरह हुआ .1/3,other_unclear
1118629,"@115850 i am unable find cancel order option in ur app...I want to cancel an order but ther is no option ther, need help.",cancellation_request
1004409,@AmazonHelp One was USPS and one was UPS. Sorry for the delay in response!,other_unclear
1005072,"Dear @115850, you informed that my Order (#406-5332042-8261916) will be delivered today. Yet to receive a single call? What's happening?",missing_delivered
1103613,"@AmazonHelp they issued a refund &amp; advised to purchase the products again. however,  daughter's costume was $39.78, jumped to $44.99 and no longer prime",refund_request
1136215,@AmazonHelp 405-8158996-7018755order id.No proper response I have make call he have no idea where is my order.I am waiting for your CEO reply in tweeter,delivery_delay
114411,@AmazonHelp You shouldnt have given me an advertised delivery of tomorrow if you knew that everything is being delayed!,delivery_delay
1137287,Hi @AmazonHelp I bought something from a 3rd party through amazon. Item arrived broken and inadequately packaged. No response to messages.,damaged_item
1004663,"@115850 @AmazonHelp @115821 @15704 This is the product link
  
 
( This product can’t delivered to your place 600039 - pin code ) 

 Will I get this product to my home (Chennai) please tell me? I’m ready to pay 59$ if it delivers to my home. Help me",other_unclear
113745,@116324 can you explain what delayed due to 'external factors' actually mean and how you expect people to contact you?+,delivery_delay
1002877,"@AmazonHelp Then two other orders delayed unexpectedly, 1 cancelled because despite labelled prime was going to take weeks, other Just delayed",delivery_delay
1072661,@AmazonHelp Thx for info.I'll follow.Kindly consider this request and initiate the refund process and make a note I didn't received this item @115850,refund_request
1143445,@AmazonHelp  i just re joined prime by accident if i cancel do i get full re fund,cancellation_request
1029649,@2925 @45152 why is the skill broken??  Please update @115821,damaged_item
1004606,@AmazonHelp Is that anything to do with that I'm usually a .co.uk customer? Is there a way I can spend my $ gift card voucher in the .co.uk store?,other_unclear
1005050,"'We've left it in your safe place' 
&gt;left plain sight in front of the door
&gt;people were home. They didn't knock.
Thank @115830",other_unclear
1042204,@AmazonHelp You bunch of stupids and liars. Why did you refund after a month if it wasn't with you? Who will pay for the trouble caused to me?,refund_request
1003666,"@AmazonHelp Thank you. 
ISBN-13: 978-0306429644",other_unclear
1022837,"@AmazonHelp Let me repeat. I don’t want to use amazon pay balance and u can’t force me to. Pls refund cash. U can call me , no mentioned in DM",refund_request
1002199,@amazonhelp - Amazon delivery screwed up -  lies about chat request &amp; delivery time to UPS Store  - I want my product - see history,other_unclear
1046696,@AmazonHelp You've intentionally made the free delivery option worse as a differentiator to push Prime membership.,prime_membership
1121810,"@137341  Hi I forgot my kindle password/pin and not able to logon to the device, need your help.",account_access
1001016,@AmazonHelp The fact is you still don't get it. You make it all sound so silly.,other_unclear
1123621,@115850 have not been able to use your app at all. Perpetual CS2 error. App re-installed. Cache cleared. What gives?,technical_support
1003632,"@115850 i can see that 10% additional cash back on sbi debit card, plz tell me in details. Will u give me cash back in my a/c  , or what",other_unclear
1104411,@AmazonHelp Arranged a call back.Your guy was clueless.3rd class response.Initiate refund asap.Useless chaps who have no idea what hpnd 15 days before.,refund_request
1104384,Moment when your @115821  order is delayed when you have Amazon Prime #Free2DayShipping,delivery_delay
109954,.@AmazonHelp Genuinely just want to cancel my membership and never shop with you again at this point. None of my things come when they’re supposed to. What am I paying for?,cancellation_request
1168471,@AmazonHelp just keeps saying incorrect password.... and i got an email saying i just purchased something.,account_access
1114826,@AmazonHelp can you please look into it.. I want my money back or the real product..,refund_request
1001084,@AmazonHelp Pls tell the courier company to stop harassing me.,other_unclear
1135901,"@AmazonHelp This was a different landing page to my Account details, I've ended and asked for a refund through this. Thanks for your help!",refund_request
1159353,"@AmazonHelp  this is crazy, I've been on hold so long. Your agent doesn't understand that I was double charged and both cleared in bank",refund_request
1100393,"@AmazonHelp You are: AMZCA, Tracking #: TBC010452684009. I am OK with a delay, in 3 years, hundreds of packages, one occasional delay can be ignored. But not those messages to pin blame on me!",delivery_delay
1003652,@AmazonHelp それも既にツイート前に済ませてあります。Amazonカスタマーサービスでも現状対応できない（配送業者と連絡つかない）ので、とりあえず再度再配達申請して明日の様子待つようにとのことで。楽しみにしていただけに、「配達完了」表示が不安＆腹立たしくて呟きました。丁寧にありがとうございます,other_unclear
1085103,@115821 your drivers need to actually deliver the boxes to the steps. This is how stuff gets stolen or damaged. Where has the quality gone?,damaged_item
1085128,Hey @AmazonHelp why my @115821 account is locked? I cannot access it neither can I access @116935 account?,account_access
1141942,@AmazonHelp I have checked my email the mail is related to prime membership nothing related to my order. Spare  your customer from dis hassle,prime_membership
1001048,"@AmazonHelp I jus rcvd confrmtion from OP service centre &amp; dey confrmd its hardware issue hwevr ur app confirmed no issue, can u explain ??",other_unclear
1050377,"@115850 help me please

Hello,
We have placed a hold on your account and canceled any pending orders.

You can help us resolve this issue by replying to this message.

We ask that you not open new accounts as any order you place may be delayed.

Sincerely,
Amazon.in",delivery_delay
1152592,@AmazonHelp I want my money refund back...,refund_request
1002659,@AmazonHelp Still doesn't read my sd card even after re-installing the app.,other_unclear
1101878,"@AmazonHelp Items are placed in my basket that I didn't put there. Password changed 4 times, email assoc. w/acct changed, keeps happening.",account_access
1012845,@AmazonHelp It said delayed to Oct 12 and there are no updates on it.,delivery_delay
109819,@115821  has literally delayed my prime delivery twice now and I feel like an asshole complaining about a first world problems but cmon,delivery_delay
1144072,"@115850 Still waiting for a call from you guys for a book your courier claims to have delivered to me, which I never got. It's 2 hrs now.",missing_delivered
1004647,@AmazonHelp I never have a bad day when calling your customer service!,other_unclear
1126122,@AmazonHelp I'm not sure what you mean. I was told the item was in stock on 12/9 So I ordered. Item was expected to arrive on the 27/10.,delivery_delay
1004519,@AmazonHelp Yes they are both third party sellers,other_unclear
1068426,@115821 your apps are ticking me off. They won’t let me sign in.,account_access
1004563,"@115830 marked my items as delivered to resident today. Been here all day, no delivery. Called - told they don’t know where there are.. shocking service. Expensive items and Amazon making no effort to locate.",other_unclear
1057955,@AmazonHelp Nope. i called customer service late on delivery day and was told OnTrac would let me know that evening re: where the package was. i never got a call or a revised delivery estimate.,delivery_delay
1103654,"@AmazonHelp That’s fine, but if it’s processed so immediately that it’s impossible to cancel, how does that short time make it a 7day delivery time?",cancellation_request
1002916,#amazonprimevideo is seriously upping the game! Good to see a lot of new desi movie releases &amp; english tv series! #hookedon @119625,other_unclear
1170098,@AmazonHelp cancel my days plans for a package that isn't even coming? 3/3,cancellation_request
1011484,@AmazonHelp I’m returning an ironing board that is damaged. States to return in original packaging - this was just wrapped in cellophane 1/2,damaged_item
1155320,"@115850 
I am very upset and still I didn't get my stuff which was ordered on 20th September and the expected delivery was on 12th October",delivery_delay
1000992,@AmazonHelp Second call was just made.  Turns out it was never resent out today like promised.   Getting very upset,other_unclear
1144950,@AmazonHelp Thanks for the super quick reply! Will this work even if I just want a partial refund?,refund_request
1002567,"@357316 @115850 Amazon Transportation Services, their own!",other_unclear
1137837,@115830 i just found out amazon charged me £79 for prime for a year. Why ? Can i get my money back ? Im not a reg customer...,refund_request
1004511,@AmazonHelp Yes I reported just after receiving the package,other_unclear
1016397,"@AmazonHelp you have issued me a refund for a mariah vinyl I ordered which arrived in pieces, are you seriously expecting me to send it back",refund_request
1077778,"Dear @117795, your ""free 2-hr delivery"" is false advertising. If I place my order at 6:00, that would mean it would be delivered by 8:00, not an 8:00-10:00 window.",missing_delivered
1001970,@AmazonHelp Why reply period if you're sending me to amazon to do this myself?🤔,other_unclear
1170215,@AmazonHelp Your customer service center is completely incapable. No one knows where my package is. I'm beyond aggravated,delivery_delay
1000201,.@115850 Does Kindle support Kannada (Unicode rendering) now?,other_unclear
109816,"@AmazonHelp It just says ""delayed due to external factors"" both of the times it has been out for delivery",delivery_delay
1033071,"@AmazonHelp Yesterday, after see that the product is wrong and that it is also defective. Amazon get all info. needed. I sent almost a report to you.",damaged_item
1022838,@115850 this sounds like somethin u would do. sneaky way to make me use amazon pay balance. i do not want to. pls refund CASH.,refund_request
1005105,@AmazonHelp Eagerly waiting for my product. Hope you understand it and will take action as soon as possible,other_unclear
1004430,@138673 @115850 What's the point of paying for #amazonprime subscription when fully paid for items conveniently go missing?,other_unclear
1133523,@115850 worst custome service worst product delivery back back 2 defective product ....,damaged_item
1354458,"@AmazonHelp It is more than a month, is this your refund policy? @AmazonHelp @115850",refund_request
105150,@AmazonHelp After the mechanic diagnosed one part defective we paid more than $700 in travel and repairs to replace the part we purchased from Amazon.,damaged_item
1003620,@115850 @AmazonHelp its been more than 2 days and no comm is not provided by amazon u r such a lier,other_unclear
1145971,@115830 please can someone give me a uk number to call as your site keeps taking me to the login screen,account_access
1092443,OP-1 = Hens teeth/Rocking horse shit. Delayed order on @115830 by another 3 weeks = :(,delivery_delay
1141886,"@amazonhelp I sent the item back 13 days ago and the post confirmed that it has been delivered, but I haven't heard anything yet. 2/3",missing_delivered
109805,@AmazonHelp Funny I suggest some sort of way to provide some customer service and you go quiet. Can't wait to cancel my prime!,cancellation_request
1004371,"@115821#
order #402-0045052-5064374 # if u r not able to deliver my product than why r u taking order.each &amp;everytime you are doing same.",other_unclear
1031089,@AmazonHelp I can’t even message about app purchases?! Seriously!!saw reviews and this happened a lot and no refund for them. So thanks for wasting time,refund_request
1001108,@AmazonHelp why was my parcel left hanging out of my letter box? I have a safe space set up after all. #NotGood,other_unclear
1021608,"@AmazonHelp Oracle Database 12c Release 2 Performance Tuning Tips &amp; Techniques (Oracle Press) - damaged. Makes sense, it was the biggest.",damaged_item
1001054,@AmazonHelp Plzz u dnt understand anything lets see how u handle this issue,other_unclear
1117718,@AmazonHelp WHERE’S MY PACKAGE I ORDERED LAST WEEK TO MIAMI,delivery_delay
1103638,@AmazonHelp Account is just on hold with your account specialist team not even reaching out to me besides a 20 second call and they are extremely rude,account_access
1064826,"@AmazonHelp Order#406-4662964-9823557 dtd 14oct. 9 days to order, , 6 days at destination but not delivered. Prime membership. ??",prime_membership
1009217,@amazonhelp tried prime to get order for today. Waited all day for ‘out for delivery’ &amp; not turned up. 40 min call to get a refund. Rubbish!,refund_request
1089784,"@115850 - where is my order stucked ??  3 days and still haven’t left delhi? Need update 

171-3825101-7498717",delivery_delay
107320,@AmazonHelp I finally was able to get a number for a corporate employee In Washington state whom provided me a refund after days of empty promises and unfulfilled guarantees. I am still not happy with the several wasted days and plan to finish my holiday shopping with other vendors,refund_request
1034750,Me too @115850 really very close to cancelling my order,cancellation_request
1121642,@115821 parcel just delivered.had clearly been opened.driver ran off.empty shoebox.should contain Nike trainers.where's my expensive order?,delivery_delay
1140844,"Once upon a time amazon was the best now I don't think so,  still waiting for my reimbursement check going on 2 months",refund_request
1141875,"@115821 @AmazonHelp I have 2 packages that said ""delivered and handed to a resident"" but I never received the package",missing_delivered
1024203,@AmazonHelp  My package was delivered to the wrong address. Your delivery photo is not my door! How do I report this. Can't find on amazon,missing_delivered
1003634,@115850 This thing made my day..i never knew being a prime member have such benefits.😊,other_unclear
1140904,"@AmazonHelp Now that I know it has been delivered, it's not an issue.",missing_delivered
10637,"@AmazonHelp The tracking indicated as here, and then, it seemed to go back in time, saying it was not here anymore. I believe it's USPS",delivery_delay
1008926,@AmazonHelp sir Will I get a prime membership trial on the new account?,prime_membership
1122754,"@AmazonHelp No, just says dispatched with the same expected date of arrival.",delivery_delay
1118012,"@115850 - I ordered an item, Order# 402-7774712-7887537, EDD was 17th Oct. No communication so far. Asked 4 refund bt rqst cncld. Plz help",refund_request
1150865,@AmazonHelp Yes it was not useful and there is no clue yet where the package is ?? While it was promised to deliver by 23rd olny..,delivery_delay
1004533,@AmazonHelp I ordered something that was supposed to be here yesterday and it never showed up.,other_unclear
1004395,@115850 I have a huge query.  My dad has placed orders by mistake.  They are all cash on delivery. Please help me.,other_unclear
1109500,@AmazonHelp Okay now my account got locked out again. Again because of an order *I* placed. This is very frustrating.,account_access
1122838,"@115850 I have received an email and text saying my order was delivered to me today, which it has not. Help? Can I speak to someone?",missing_delivered
1002632,"@AmazonHelp That’s considerate; you guys haven’t missed the date, just eagerly awaiting the product so that I can start using it.

Thank you 👍🏻",other_unclear
1125296,@AmazonHelp I hve nt received ny mail I hve called ur cstomer care dere I ws updated and arrogantly asked to wait 4 delivery or ask for refund is dis..,refund_request
1134961,Hey @AmazonHelp I'm really disappointed you've delayed my order for a 3rd time! Ordered in august and now won't be delivered til December??,delivery_delay
1024264,"@AmazonHelp That too after following so many. What amazon did, instead of delivering they gave me refund after waiting for 15days for product.",refund_request
1108310,"@AmazonHelp Issue before that, I ordered something prime, it came 2 days late and a day after I needed it. This current order shipped and now says delayed with no updated delivery but it's needed for saturday. The delay with no update is what happened with the order I just tweeted you about",delivery_delay
1052385,"Dear @115850, why does it say that my order was delivered and signed by me when I wasn't even home :-/ Where IS my order? #unhappy",delivery_delay
1044387,@AmazonHelp Says I'll be getting a refund but this is still unacceptable.,refund_request
1004565,Is this how @115830 delivers parcels nowadays? Pretty shocking for my first order as a new prime member!!,other_unclear
1070090,"@115850 Worst service,ordered a @132995  Waited for it all day,then when I call they say you want wait till tomorrow or cancel the order",cancellation_request
1002585,@AmazonHelp I need a resolution from your side today itself!,other_unclear
1059616,"@115850 your customer care calling no. Is having technical glitch, line connecting to others instead of executive",technical_support
1003615,@AmazonHelp Yes completed!,other_unclear
1005966,sh*t seller support Amazon!! Even a billion dollar company is cheap AF for not taking responsibility in case of damage to product @115850,damaged_item
1085131,@AmazonHelp I can provide you with my Amazon account email id. Would that help? It's been a couple of days that I replied to @115821 's email,account_access
1151172,@115850 just ordered an echo for me.. So when does my prime membership gets activated.. Now or after delivery,prime_membership
1002560,@115850 22 दिन से सिर्फ़ सॉरी बोला जा रहा है लेकिन मेरा रीफ़ंड नहीं हुआ .आप फ़ोन भी ख़रीदो जमा भी करो और प्राइम मेम्बर्शिप के पैसे भी दो,other_unclear
1031584,@AmazonHelp above screenshot has my order id..please initiate my refund this week please.,refund_request
1003650,Amazon商品届いてないのに「配達完了」通知来たんだけど(#＾ω＾)ﾋﾞｷﾋﾞｷ。,other_unclear
1157955,@115850 dear amazon I came through your ad for prime membership today and I was wondering if I could extend my membership by buying now,prime_membership
1002880,"@AmazonHelp 3 parcels failed on prime in 3 days, exactly what am I paying for? Not a great record 0/3 parcels delivered",other_unclear
1043690,@AmazonHelp @115821 @115850 @115851 sir my product was due to be delivered on Saturday but even aftr requesting several times @AmazonHelp I haven't recvd my product.,missing_delivered
1028978,"@AmazonHelp And now they are asking me to courier it &amp; that they will refund the courier charges, very unprofessional!",refund_request
1049386,"@115850 Order# 408-5985511-2541125 return/refund requested due to wrong item packed a month ago, no response from Amazon/seller!!",refund_request
1001976,@115830 why do I pay for amazon prime when the last 2 items I’ve ordered haven’t been delivered on the specified date????,other_unclear
1175652,@AmazonHelp Thats not very helpful now is it. Dang thought i paid a yearly fee for benefits like this as stated in amazon prime benefits,prime_membership
1005103,@AmazonHelp That's the thing I haven't I purchased from someone before who had to cancel the order but they had a different name,cancellation_request
101692,"@AmazonHelp @119356 @138277 (contd) have now spent most of my month trying to get my money back. Tell me @119356 , how rich has my hard earned money made you? &amp; why is a loyal customer who's been cheated, being made to follow up so much with such a trusted brand?",refund_request
1019548,@AmazonHelp @115850 Pickup not completed since 14 days. Escalated issue many times on mail and call. Need my refund asap. Pathetic Service,refund_request
115880,@AmazonHelp Amazon Store Card. You guys badgered me to get one and due to your technical issues can't use it.,technical_support
1002566,@AmazonHelp Called support. They said they’ll ‘try’ to deliver today. Didn’t mention what time. Why do you guys guarantee 2-day dellivery if you cant?,other_unclear
1002580,@AmazonHelp I have filled that form...Hoping to hear from ur side!,other_unclear
1138362,"@AmazonHelp I have a prime membership, yet receive standard delivery. Unacceptable.",prime_membership
1004668,@AmazonHelp These are not book reviews :(,other_unclear
1150891,@AmazonHelp I called to see why that was since it should have been at least Thurs w/ my prime membership. Spent 15 mins on the phone with...,prime_membership
1001106,"@115850 
I hope ur 12 hrs to 24 hrs starts from 11pm IST
@18220",other_unclear
1001069,@AmazonHelp Im Moment kommen alle Lieferungen zu spät oder teilweise gar nicht. Daher meine Frage.,other_unclear
1004598,@AmazonHelp No I have not,other_unclear
1003679,@AmazonHelp Thanks... :) Its delivered yesterday.,other_unclear
1102838,@115830 @AmazonHelp pleased to be given full refund.,refund_request
1027520,Amazon Marketplace seller shipped me the wrong item. Initial response to my return/refund request: I was confused or ripping them off.,refund_request
1099299,"@115850 I am not able to cancel my order and even customer care is not taking calls  
Pathetic service.....
order - 171-0257524-0179556",cancellation_request
1141931,@AmazonHelp Are you kidding me amazon right now ! Do you even check your products ? First the startup kit now the microwave itself is defective !,damaged_item
1041105,@AmazonHelp what happened? why you make us wait for Refund? Why your customer satisfaction worst?,refund_request
1177137,"@AmazonHelp Contents do not seem to be damaged but I haven’t gifted it yet to see if it fits, lights were on in the house and several people were home. I’m not sure why it was just tossed onto the steps and left. Nobody even knew the truck had come by.",damaged_item
105114,@AmazonHelp I have been trying to fix my hacked account for the past 20 days now but no one to solve it for me. 😢My account has been showing this (see attachment) for some days now and I cant have access into my Affiliate dashboard and the like. SEE ATTACHED IMAGE.,account_access
1050455,"@AmazonHelp PT 1 One again ordered a parcel on my prime account. Got a message from driver saying parcel will be delivered yesterday between 2pm-3pm. No delivery came, checked app and said had been delivered to someone called Garry nothing to do with me. Phoned up they apologise like always",prime_membership
115960,"Hey @AmazonHelp @116316  

Normaler, deutscher Account hier in Deutschland ohne VPN - was ist da falsch?! 
Neuinstallation inkl. Neuem Login hilft nicht.",account_access
1113575,@AmazonHelp received  Order# 114-8162462-9122612 in damaged condition cc unable to help. pathetic harassing my 90 year old grand mother.,damaged_item
1170079,"@AmazonHelp 1. I placed order on 8oct2017 #Amazon #lie not on 25oct2017
2. Why you cancel my order after 17days #Amazonscam",cancellation_request
1126663,"@115850 @115821 #amazon DELIVER DAMAGED, OIL LEAKING, ALL PRODUCTS SOILED. Pathetic pkng.Not allow pub revw, but found similar revw accptd",damaged_item
989816,@AmazonHelp I don't know how many times i need to say there is no email address associated with this account as it's on an app. As for specialist advisors they don't have the courtesy to call you back as promised.,account_access
1072658,@AmazonHelp No refund option on website. Amazon India says you can’t get a refund. What if a customer doesn’t like the product? No benefit from Amazon??,refund_request
1003701,@AmazonHelp I am trying to exchange my moto c plus but is is not in the list,other_unclear
1002885,"@AmazonHelp Useless, spoken to your Caribbean team, Indian team, now UK but I suspects they’re not UK. Explained situation 5 times and still no solution",other_unclear
105021,@115830 as a customer and a prime member I didn’t expect my item to be delivered with no packaging which has caused damage to a Christmas gift. Picture below is just a little taste of how my item was delivered.,damaged_item
1043217,Hi @115830 - your delivery firm @116324 are not terribly responsive are they? Still waiting for yesterday's delivery...,delivery_delay
1109517,"@115821 + @2150 *never* arrives on time, even when marked delivered--4 for 4 fails. Canceling Prime, looking to legal remedies. #fraud",cancellation_request
1152661,Awesome @115821 delivery left a cardboard package on a wet step and no notification of delivery. Brand new hardback book is water damaged.,damaged_item
1016716,@AmazonHelp USPS. 1 of 2 packages came. Now it says Tuesday. What's the point of paying for Prime if I'm not getting the Prime benefits?,prime_membership
1065157,@AmazonHelp I brought this bed up two flights of stairs piece by piece only to not be provided instructions. I just would like a refund.,refund_request
1129288,@AmazonHelp @AmazonHelp I submitted for refund on the wrong account and bought it with the right one. Can you confirm this is ok? Thanks and apologies!,refund_request
1143437,@AmazonHelp Got a canvas/burlap-like pillowcase with blown out poorly pigmented graphic. Seller said “send a picture” how about send my refund,refund_request
1131262,@AmazonHelp cancel the order and reorder it for pick up at a locker when they couldn’t even find it anymore. It was sold out.,cancellation_request
1125017,@AmazonHelp hey Amazon I bought $300 worth of stuff for my dad and it was due to arrive on nov 16 but was delayed due to  logistical issues. I was due to fly out on the 17th and so was not able to give him the things. I don't know how you can make it right but I'm listening,delivery_delay
1127969,@AmazonHelp Residential. I've had many parcels delivered from Amazon directly when not at home and they have all been delivered first time,missing_delivered
1102814,"@115850, how much money do you make by not giving back 1, 2 or 5 rupees in change on deliveries? #WheresMyChange #Amazon",refund_request
1131340,"@115850 I’ve a pending refund for an item bought during the great sale.Return never happened.Furthermore,item not visible in my history.",refund_request
1136199,@115821 Something that was “2 day prime shipping” said delivered after 2 days but didn’t arrive until 10 days. Other friends have the same issue.,missing_delivered
108229,@AmazonHelp How can I reach an actual person in the fraud department? All I’ve gotten is an automated response that isn’t helpful. I CAN’T lose all of this money. I’m a broke college student that used what I had to get a camera for my classes and now I’ve got nothing. I want my money back,refund_request
1003662,@AmazonHelp Order no.,other_unclear
1130526,@115850 I been charge twice for Amazon prime membership,prime_membership
1119993,@115830 cancel next day as they say dispatched then when it arrives ingredients are listed in Chinese so i did not know what was in it!,cancellation_request
1024270,@AmazonHelp Can i get a refund as that was the main reason i bought prime?,refund_request
1010787,"@AmazonHelp I got an email saying the item had been received and that the refund was processed, but no email that the return process started",refund_request
1119111,@AmazonHelp So you want me to cancel my order placed???,cancellation_request
1057335,@115850 I have a refund pending for almost one month and amazon is not responding to my request. Worst service on your side,refund_request
1041202,"@115850 It's not ease,its almost impossible to replace and getting refund from Amazon,I face such problems,so keep away from Amazon",refund_request
1046694,@AmazonHelp The point is you've delayed dispatch by almost a full week to meet the very last date of the estimated arrival window.,delivery_delay
1105602,@115821 Thank you for being so easy to deal with and giving me my refund. Customer service is big for me. You awesome.,refund_request
1147832,@172599 @115821 It’s almost 2 weeks and still haven’t received my entire order. 2nd book hasn’t even shipped yet👎😏 guess I’ll just stick with eBay,missing_delivered
1071060,I would love to discuss packaging practices with someone @115821 as I am tired of returning damaged merchandise because of poor packing.,damaged_item
107267,@AmazonHelp I've had no emails only the confirmation  emails that password has been reset and still doesn't let me log in just says incorrect password,account_access
1164622,@AmazonHelp I’ve had to cancel and re-order to different address as I’m not home tomorrow. Will be waiting until at least Thurs now.,cancellation_request
1354463,"@AmazonHelp refund was received few minutes earlier, please convey my gratefulness to the team! thanks! and please from next time give a longer timefame",refund_request
1095842,@AmazonHelp They were able to refund it but can’t(?) close out that account as long as they can get my CC info off it can rot in cyberspace.,refund_request
1122302,"@AmazonHelp Finally received an “out for delivery” notification. Not like one item was a (now late) birthday gift or anything... oh, wait... it was :(",delivery_delay
1080687,@153820 - where is the spot on website to contact y'all about an order being messed up? Pretty tough to find a way to notify!,delivery_delay
1150873,"Hey, @115821, you say my order was lost in transit but won't let me cancel it. What gives?",cancellation_request
1005990,@AmazonHelp My ordered is delayed with the bday presents for my daughter and nobody seems to care at @115821. Bad first experience using @115821 locker,delivery_delay
1104589,"@AmazonHelp Important Message
You are currently not a member of Amazon Prime. Click here to signup. 
The above is the message I see, so I cant cancel",cancellation_request
113802,@AmazonHelp Later than I had expected with next day delivery on something I ordered on Tuesday afternoon - will see if it arrives by 8pm as stated on the order details,delivery_delay
1117038,"@AmazonHelp
I didn't get my cashback for below order:Order # 408-6277412-3202737. As per offer 10% cashback should credit to Amazon pay",missing_delivered
101682,@AmazonHelp Thanks for trying but haven't got time to go through it all again. Not worth it for 10 off. Will order from elsewhere,missing_delivered
1159262,@115850 my order was not delivered and your costumer representative is not willing to provide compensation #worst_service,missing_delivered
1127371,@AmazonHelp Sir Good showing as delivered but yet to receive material,missing_delivered
1001057,"@AmazonHelp I dont want replacement plz refund my money, u r tkng phn from me n nt providng replacmnt same day, hw u expct me to gt another phn ?",refund_request
1132075,hi @AmazonHelp twitter rejected my report of the fraud account @ AmazoncHeIps (who are demanding my amazon login details) maybe you can try?,account_access
1001965,"@117093 Other than sharing my login credentials, is there a way to collaborate on an order with other members of the household?",account_access
1028956,"@AmazonHelp my refund didn't come in my bank account, order dated 6.10.17,order no-408-8380090-5429104 .USB cable for ph.",refund_request
1104419,@AmazonHelp My account email id is __email__. Very disgusting services provided by amazon.#fake #fraud,account_access
1001096,@115850 I purchased mobile BBkey one vide invoice noBOM4-2936 dtd 4 th Oct17.Its back soft key not working since 21 st Oct.Pls replace it.,other_unclear
1108287,@137120 Your site broken,damaged_item
1019525,What’s the point paying extra for next day delivery if it don’t turn up to so late in the day!  @115830 #shouldbegiventhemoneyback,delivery_delay
1099829,"@AmazonHelp here the point is,  status is updated twice as delivery delayed as requested by customer, but i didnt make any request",delivery_delay
1159299,@AmazonHelp yet another useless email from account services that does not help with my problem. Will someone just call me!!!,account_access
1454097,"@AmazonHelp As per mail, reason 4 cancellation is seller can't deliver at my location. Bt mail hs link of same product which is available 4 delivery.",cancellation_request
1053523,@AmazonHelp My order was cancelled cz it was damaged in transit n wen I asked for order ur cs team is saying I have to place new order,damaged_item
111772,"@AmazonHelp No I wasn’t advised a date because no one will speak to me! It was delivered by Hermes. I’ve spoken to them this morning but they said it’s something that amazon take up with them, not me",missing_delivered
1118018,@115850 hello amazon...will the  price decrease for boat headphone 225 model...i am waiting to order it...#DiwaliOffer,delivery_delay
1080690,@AmazonHelp I need to also reconsider my membership. It's not the holidays delay in shipping and only getting a refund on the purchase is underwhelming,refund_request
1133062,@AmazonHelp Track my order I've made 12 calls and no one knows where the order is. Everyone on the support is not giving any commitment on delivery date,delivery_delay
109937,@115850 have a really bad service in srinagar 😩 its been a month since i have placed a return/refund option for the product I bought on amazon and no one has really responded as of yet 😏,refund_request
1098628,"@AmazonHelp  hey need u r help.
Iam unable to login to my account.
Forgot password is asking Gmail I'd which I don't know.i know mobile no.",account_access
1136550,"Return my money back MOTHERFUCKERS I repeat

@115821 @1016 @119736 @21988",refund_request
1072637,1/2 @115850  Regd my order(408-4285846-3755559)I've been receving mails that it could'nt be delivered as no 1 was able to receive it.,missing_delivered
1053546,"🙃Order Id-406-5294234-1860300 ,refund not get, @115850 send me my Payement Ref ID to me as their Ref Id for Refund,Amazing Amazon!!🙃",refund_request
1024259,@AmazonHelp Order status was delivered and after following up got it after 4 days. 3rd product it never reached to me and order to cancelled,missing_delivered
1104515,@AmazonHelp It’s not showing up on there. Thats just showing reciepts and I haven’t been charged yet because it’s a trial but if I don’t cancel I will,cancellation_request
1125096,@AmazonHelp did you miss the point I can no longer log into my Prime account?,prime_membership
1003685,"Amazon delivery of ear defenders - yay!
Amazon driver's arrival startling napping Nathan so badly he screeches like a pteradactyl - boooo!",other_unclear
1015582,@AmazonHelp Thank you for your help. Guessing I am still able to return item even though I have open the box seen as item is damaged?,damaged_item
1005129,"@2600 Hello! de + en + de produits sont réservés aux abonnés Prime.. quand on habite en Corse, c'est un peu l'arnaque! on est 300000",other_unclear
1110902,"@115850 superb response, refund initiated yesterday, picked up today and refund amount received within hours of pick-up. Hat's Off!",refund_request
1339642,"@AmazonHelp What about your customer care service all FM sing single tune. Why did you saw expected day delivery as 17 Oct &amp; on 16 it was out for delivery. No one came for delivery on 16 citing a reason courier could not find address, even no one bothered to give a call and confirm the addre",delivery_delay
1071139,@115821 help! Need to cancel a music order but don't see how,cancellation_request
1122715,"@AmazonHelp 
My Order# 407-7892075-0993107
Tracking # 447195674850 booked 7.10.17 but not received till now",delivery_delay
1104503,"@AmazonHelp I ordered something July 29th expected delivery date was Sept 12th. Just got it, it's a 3rd party seller - so not much you can do.",delivery_delay
1058808,@AmazonHelp Received again worthless product... money n time waste... never choose again Amazon... refund done... Thanks 😡😤😤😤😤😤😤😤😤😤,refund_request
1141867,@388785 @118706 I do. It says delivered. I didn't run downstairs the minute he rang the bell so apparently someone made off with it.,missing_delivered
1047935,".@AmazonHelp, your cust support is so pathetic! Screwed up the orders, then issued a refund to an old card. Now, I am asked to go the bank!😡",refund_request
1004360,@AmazonHelp nope. just would like be able to read in a terminal too!,other_unclear
1078437,"@AmazonHelp On Underground it said something like ""click here to download the new Amazon App Store"" so it's a new version I guess. I was able to get to the sign in page not tapping ""sign in"" does nothing, it just stays on the sign in page.",account_access
1155116,It’s great that @115821 prime gives discounts on special editions. This is the second one we’ve order and both were damaged. Never again. 😡,damaged_item
1002616,"@AmazonHelp I did visit Contact Us, but der is no such tab which can resolve the issue. Only Order details
Return Order details. No address for collecti",other_unclear
1114948,@AmazonHelp @115850 @115850 #Amazon  Hour 3 return exhausted.2nd tme in row return pickup nt done.3rd pick scheduled tomrw.If nt by tomrw cancel my prime acc,cancellation_request
1118577,"@AmazonHelp 2 days after cancellation, i got message of delivery yesterday and on confirming with amazon,i agreed for delivery yet to be fooled again!",cancellation_request
1002586,@AmazonHelp It's last day tomorrow for delivery yet order not shipped..Your agents keep telling wait till last date!! What's gonna happen in 1 day! 1/2,other_unclear
1041828,"I hope, when Jeff Bezos is in charge of everything, that adding new devices (to replace lost ones) is less frustrating than now… This @117634 is refusing to take my password, after about 25 attempts!",account_access
1124081,@115830 Any chance you know where my parcel is? Email says it was delivered; no missed delivery card and no parcel,delivery_delay
1001046,"@AmazonHelp I purchased Amazon pipa offer pack 1.25 litre after sending message received tracking ID not received Amazon gift card 
Tracking ID- 8ABOLOENA4730 PLEASE HELP",delivery_delay
1091651,"@AmazonHelp I m not finding refund tab , not in website or in app",refund_request
1084971,"@115850 @AmazonHelp 
Received damaged",damaged_item
1003602,@115830 Parcel left outside front door in the wide open. Not impressed with this kind of poor delivery service.,other_unclear
1003663,I received a reply when I gave the feedback! What's wrong? I'm crying after purchasing simply to install but getting undue suggestions only!,other_unclear
1005061,@AmazonHelp Merci beaucoup !!,other_unclear
1002538,@AmazonHelp Pourquoi un portefeuille est livrable en point relais mais pas dans un amazon locker ?? 🙄,other_unclear
1041257,@AmazonHelp WHERE THE HELL IS MY ORDER AND WHEN WILL YOU GUYS DELIVER IT? I SUPPOSE IT IS NOT THAT HARD TO PROCESS.,delivery_delay
1001088,@AmazonHelp Your US office has already extended help. You can keep sitting,other_unclear
1144989,@115821 guys you need a better system. Having huge trouble getting a refund. Used debit card. Can someone call me?  (818)516-5052,refund_request
1153742,@AmazonHelp Believe me. I do not want to keep a product which was defective from day 1.i even called your customer service first.,damaged_item
1001102,@AmazonHelp This is for a US order,other_unclear
1094288,@AmazonHelp I cancelled the merchant agreement an hour or so ago. Don’t think I’m eligible for a refund. Just don’t want it to renew.,refund_request
1148269,@AmazonHelp @2150 Miami cust.  Literally every pkg I order is lost or delayed. OR! had someone else' pkg delivered. Multiple times. WHY,delivery_delay
109915,"@AmazonHelp You still did not refund for delivery. And you did not bother to 'start' processing the refund until after I chased, not that I'll get any of that money until next month. &amp; my delivery has been delayed until next week which will be a week more than after I made the first order 😡",delivery_delay
1042348,@AmazonHelp did not received any update yet order id is 408-2098277-0968369,missing_delivered
1004578,@AmazonHelp I had ordered 2 rakhi sets way back in august... those sets never got delievered neither did i get my money back ... what am i supposed to do ... ? Been after u guys since the past 3 months ... its damn frustrating... and dissappointing too ...,refund_request
1124967,@AmazonHelp hey please confirm have you got the return package? Is it Delivered by @120543 @385265 @122869 Hope you got it,missing_delivered
1102280,"@115850 Kindle purchased in 2014 has developed a issue.buttons to move page are acting weird,for one forward press it take me 3 pages back",technical_support
1107260,@AmazonHelp it was delayed twice. It was ordered on the 10/18 and been delayed till the 10/23-10/25,delivery_delay
1120425,"@115821 why are you still carrying suppliers like NEWCHIC? From China..fraudulent company!! 
They will not refund, send wrong colors.fraud",refund_request
11079,"I'm thinking that @115821 tracking is total fiction - package has been ""Out for Delivery"" for 2 days &amp; hasn't arrived. 3 days late.",delivery_delay
1027522,"@AmazonHelp Looks like everything is settled, just need to ship the item back. I'll have to look for the correct item again once I have my refund.",refund_request
1004386,@AmazonHelp One is already a replacement! My question is why do Amazon send books without protective packaging?,other_unclear
1110749,@AmazonHelp Hey there. Tried to log into my Amazon (UK) account to be told my email address not recognised. Can you help (1/2),account_access
1004544,Quando si parla di #socialcustomercare che funziona: @AmazonHelp coccola i suoi clienti anche su #Twitter! #lostatefacendobene 😊👍🏻👍🏻👍🏻,other_unclear
1117727,"@115850 I've returned item and it's been 10 days since, I've not got refund yet.. please help!",refund_request
1050805,@368323 @368322 @AmazonHelp Take away his prime account.,prime_membership
1152656,"@115830 I bought a Fire Tablet Kids from PCWorld in May 2017, the charging port is broken, do I take it back to store or send to you?",damaged_item
1004667,"The saga of my screwed-up Letters from Wishing Rock (print version of the book) product page continues. Now, the book is available in two colors! And the number of unrelated 5* reviews has doubled!
@AmazonHelp @115821",other_unclear
1041843,"@AmazonHelp My package is still missing, can you issue a refund?",refund_request
1100588,@115850 ordered phone thru  while ordering confirmed trasaction converter emi..but checked with bank need to pay..i want to cancel the product no option on online .and also not even open pack of mobile phone do the needfull,cancellation_request
1118074,"Where’s my package at, Amazon? Y’all literally had a week to ship it🤔",delivery_delay
1014808,@115850 hey. Wanted to cancel my order. But the page isn't opening. Could you please check. Order no 404-5943094-2743506,cancellation_request
1045008,@AmazonHelp omfg now you have cancelled my delivery all together and I can’t get another as you won’t refund for another 3 days #ffs,refund_request
1003726,"@115850 courier partner 'Ecomm' is highly irresponsibly. Helding my parcel frm 4 days and when asked abt issu r back-answering.
#Amazon",other_unclear
1086042,"🤔 @115821 why do I need to ship this back if it’s broken? It seems like a waste of packaging, can you just send me a replacement?",damaged_item
1145914,"@AmazonHelp I can't reset my password. Every time I reset it and try to login using
that password it says its incorrect.",account_access
1038875,@AmazonHelp I purchased Nokia 6 on 23 September but I received damaged item hence I returned it since flash sale is going on hence no replace option,damaged_item
1126156,"@115850 
TILL date I have not received my  money nor the replacement of it. BAD experience need my money back poor  customer service.",refund_request
1072427,@115821 I purchased a book and returned in February and my refund not get yet please help,refund_request
1155125,Has anyone had experience w/ Amazon where a Prime 2-day shipping order keeps getting delayed?,delivery_delay
1117056,"@AmazonHelp form filled no reply yet
such an unstrustworthy service by amazon 3 days delayed from expected delivery date",delivery_delay
1001013,@AmazonHelp Selling higher than the MRP is called cheating. Not a best deal. But then you are welcome to please yourself with your weak defence.,other_unclear
1018173,@115850 purchased Redmi 4mic not working return this product smartcheck pin invalid #worst #service #fraud @119351 @118702,damaged_item
1164631,"@AmazonHelp Hello, I lost access to my account. I tried resetting the password 3 times now and it still says ""wrong password""",account_access
1077739,@AmazonHelp My package has been marked as delivered but it hasn’t got here . Your carrier lied,missing_delivered
1099304,"@AmazonHelp I hv requested my order cancellation but customer care cancelled my all order 
really pathetic
U cannot cancel my orders without my permissi",cancellation_request
1035549,@AmazonHelp Just read your description of prime membership and it doesn’t clearly state extra processing time...be honest or don’t take membership fee.,prime_membership
1123307,@AmazonHelp Order No: 408-1135423-1164366 not delivered since 17th Oct despite being prime member. Not getting any timeline from call center,missing_delivered
1105740,@115850 hey amazon are u not interested to give me refund??,refund_request
1002898,"@AmazonHelp Able to place order, but then a few hours later I'm advised to 'Update My Payment Method'. My card is valid and has funds on it! Why?",other_unclear
1004512,@AmazonHelp Want to know that my complaint registered or not,other_unclear
1076284,I did not get any call from u @AmazonHelp then i got a mesaage ur order is cancelled..plz help..@115821,missing_delivered
1083816,"#AmazonIndia @115850 ...

After 20 days and 5 calls and emails to your customer care... i did not receive refund nor the right product",refund_request
1001004,@AmazonHelp Done. Please request for help.,other_unclear
1075167,@AmazonHelp I ordered a product on the 7th of October expected on the 20th. It still hasn’t arrived. Can you help please?,delivery_delay
1133978,"@AmazonHelp I don't want to do this shit, take back your product &amp; refund the money @115850",refund_request
1070002,@AmazonHelp The link takes me to login to amazon.in account. The CS exec there has already asked me to contact @115821  for resolution,account_access
1002558,@115850 @118702 I am receiving  to many your promotional emails either send me few( not more than 1-2 in a week ) or stop this.,other_unclear
1038150,@AmazonHelp I would but they are going to tell me the same thing the tracking shows. It should arrive in the next couple of days. Still not same day.,delivery_delay
1003675,@AmazonHelp Plz track the package with track no : 211178196277.I got sms 2 times for successfully delivery but hvn't received product.,other_unclear
1057341,@115850 ordered a book on the website. Not yet delivered and seller not responding. Please help,missing_delivered
1119609,"@AmazonHelp 
I was charged for a Prime membership when I definitely did not sign up for one.
Help?",prime_membership
1027495,Think twice before ordering from Amazon. Ordered 3 pair of Costas and this is what I got...from China! 3 plastic broken fake Oakleys/Raybans,damaged_item
10633,@AmazonHelp I have an order that was supposed to be here on the 25th which has not arrived yet.,delivery_delay
114312,Why does amazon take my money but then cancel my order? @AmazonHelp,cancellation_request
1031090,@117634 why so easy for kids to buy apps on the kindle? Why can’t we put a password or something. Now I’m out $30. So mad @AmazonHelp,account_access
1079075,@AmazonHelp I just found out today that my account was hacked and the email address was changed. Is there anyway to get it back?,account_access
1082914,@amazonhelp Transcripts are available to review. I look forward to speaking with someone at Amazon whose computer doesn't crash. Thanks!,technical_support
1128069,@AmazonHelp Issue is that i had ordered for a headphone and that was not upto the mark so I returned. Stopped the replacement too. Looking for my refund,refund_request
1003624,@115850 I recently purchased honor 8 from u n have been in rounds n rounds by your pathetic customer service given by himanshu..,other_unclear
1072183,"Another day, another email from @115821 saying that my account has been compromised in some way.",account_access
